,date,ipp,news,consumer_price,interest_rate,cb_monitor,bussines_clim,curs,rzd,date_lag_0,ipp_lag_0,news_lag_1,consumer_price_lag_0,interest_rate_lag_4,cb_monitor_lag_2,bussines_clim_lag_1,curs_lag_0,rzd_lag_1,date_lag_1,ipp_lag_1,news_lag_2,consumer_price_lag_1,interest_rate_lag_5,cb_monitor_lag_3,bussines_clim_lag_2,curs_lag_1,rzd_lag_2,date_lag_2,ipp_lag_2,news_lag_3,consumer_price_lag_2,interest_rate_lag_6,cb_monitor_lag_4,bussines_clim_lag_3,curs_lag_2,rzd_lag_3,date_lag_3,ipp_lag_3,news_lag_4,consumer_price_lag_3,interest_rate_lag_7,cb_monitor_lag_5,bussines_clim_lag_4,curs_lag_3,rzd_lag_4,date_lag_4,ipp_lag_4,news_lag_5,consumer_price_lag_4,interest_rate_lag_8,cb_monitor_lag_6,bussines_clim_lag_5,curs_lag_4,rzd_lag_5,date_lag_5,ipp_lag_5,news_lag_6,consumer_price_lag_5,interest_rate_lag_9,cb_monitor_lag_7,bussines_clim_lag_6,curs_lag_5,rzd_lag_6
264,2014-01-01,101.1,0.201234529,1105.27,5.5,-15.9044940104058,-2.49363888560868,33.784352941176465,96.3,2014-01-01,101.1,0.344164147999999,1105.27,5.5,-9.75285119188654,2.97104757807438,33.784352941176465,103.3,2013-12-01,10080.160000000002,0.059557212,1109.07,8.25,-0.212857941330669,-3.03982351481949,32.88070476190476,103.5,2013-11-01,10567.84,-0.077391898,1108.22,8.25,-0.109143841655557,4.35156830541987,32.693999999999996,105.9,2013-10-01,10201.0,-0.276967775,1193.83,8.25,1.17595074554798,4.88978260970057,32.09922608695652,104.7,2013-09-01,101.3,-0.325892886,1207.72,8.25,3.48642719233871,8.6010631492579,32.60167,107.5,2013-08-01,99.8,-0.167643343,1298.67,8.25,-0.880052988800151,11.8650314560338,33.02487391304348,106.7
265,2014-02-01,103.0,-0.034415209,1136.76,5.5,-4.16173976247705,8.81641575668547,35.24404,93.3,2014-02-01,103.0,0.201234529,1136.76,5.5,-3.40557962817925,-2.49363888560868,35.24404,96.3,2014-01-01,10221.21,0.344164147999999,1105.27,5.5,-9.75285119188654,2.97104757807438,33.784352941176465,103.3,2013-12-01,10080.160000000002,0.059557212,1109.07,8.25,-0.212857941330669,-3.03982351481949,32.88070476190476,103.5,2013-11-01,10567.84,-0.077391898,1108.22,8.25,-0.109143841655557,4.35156830541987,32.693999999999996,105.9,2013-10-01,101.0,-0.276967775,1193.83,8.25,1.17595074554798,4.88978260970057,32.09922608695652,104.7,2013-09-01,101.3,-0.325892886,1207.72,8.25,3.48642719233871,8.6010631492579,32.60167,107.5
266,2014-03-01,99.1,-0.190383869,1107.88,7.0,0.424113680028761,10.775629874422,36.198565,104.4,2014-03-01,99.1,-0.034415209,1107.88,5.5,-15.9044940104058,8.81641575668547,36.198565,93.3,2014-02-01,10609.0,0.201234529,1136.76,5.5,-3.40557962817925,-2.49363888560868,35.24404,96.3,2014-01-01,10221.21,0.344164147999999,1105.27,5.5,-9.75285119188654,2.97104757807438,33.784352941176465,103.3,2013-12-01,10080.160000000002,0.059557212,1109.07,8.25,-0.212857941330669,-3.03982351481949,32.88070476190476,103.5,2013-11-01,102.8,-0.077391898,1108.22,8.25,-0.109143841655557,4.35156830541987,32.693999999999996,105.9,2013-10-01,101.0,-0.276967775,1193.83,8.25,1.17595074554798,4.88978260970057,32.09922608695652,104.7
267,2014-04-01,102.2,-0.359713861,1159.27,7.5,-0.759035784222588,7.46384124867762,35.66772727272728,101.9,2014-04-01,102.2,-0.190383869,1159.27,5.5,-4.16173976247705,10.775629874422,35.66772727272728,104.4,2014-03-01,9820.81,-0.034415209,1107.88,5.5,-15.9044940104058,8.81641575668547,36.198565,93.3,2014-02-01,10609.0,0.201234529,1136.76,5.5,-3.40557962817925,-2.49363888560868,35.24404,96.3,2014-01-01,10221.21,0.344164147999999,1105.27,5.5,-9.75285119188654,2.97104757807438,33.784352941176465,103.3,2013-12-01,100.4,0.059557212,1109.07,8.25,-0.212857941330669,-3.03982351481949,32.88070476190476,103.5,2013-11-01,102.8,-0.077391898,1108.22,8.25,-0.109143841655557,4.35156830541987,32.693999999999996,105.9
268,2014-05-01,99.2,-0.435737348,1190.57,7.5,-4.13329597780207,5.37333781070734,34.833655,103.2,2014-05-01,99.2,-0.359713861,1190.57,5.5,0.424113680028761,7.46384124867762,34.833655,101.9,2014-04-01,10444.84,-0.190383869,1159.27,5.5,-4.16173976247705,10.775629874422,35.66772727272728,104.4,2014-03-01,9820.81,-0.034415209,1107.88,5.5,-15.9044940104058,8.81641575668547,36.198565,93.3,2014-02-01,10609.0,0.201234529,1136.76,5.5,-3.40557962817925,-2.49363888560868,35.24404,96.3,2014-01-01,101.1,0.344164147999999,1105.27,5.5,-9.75285119188654,2.97104757807438,33.784352941176465,103.3,2013-12-01,100.4,0.059557212,1109.07,8.25,-0.212857941330669,-3.03982351481949,32.88070476190476,103.5
269,2014-06-01,102.9,0.044413829,1266.74,7.5,-2.22112879558726,8.68489670262713,34.449533333333335,100.6,2014-06-01,102.9,-0.435737348,1266.74,5.5,-0.759035784222588,5.37333781070734,34.449533333333335,103.2,2014-05-01,9840.640000000001,-0.359713861,1190.57,5.5,0.424113680028761,7.46384124867762,34.833655,101.9,2014-04-01,10444.84,-0.190383869,1159.27,5.5,-4.16173976247705,10.775629874422,35.66772727272728,104.4,2014-03-01,9820.81,-0.034415209,1107.88,5.5,-15.9044940104058,8.81641575668547,36.198565,93.3,2014-02-01,103.0,0.201234529,1136.76,5.5,-3.40557962817925,-2.49363888560868,35.24404,96.3,2014-01-01,101.1,0.344164147999999,1105.27,5.5,-9.75285119188654,2.97104757807438,33.784352941176465,103.3
270,2014-07-01,102.7,0.078807754,1241.98,8.0,2.63724000551108,12.2475514425581,34.635408695652174,103.1,2014-07-01,102.7,0.044413829,1241.98,7.0,-4.13329597780207,8.68489670262713,34.635408695652174,100.6,2014-06-01,10588.410000000002,-0.435737348,1266.74,5.5,-0.759035784222588,5.37333781070734,34.449533333333335,103.2,2014-05-01,9840.640000000001,-0.359713861,1190.57,5.5,0.424113680028761,7.46384124867762,34.833655,101.9,2014-04-01,10444.84,-0.190383869,1159.27,5.5,-4.16173976247705,10.775629874422,35.66772727272728,104.4,2014-03-01,99.1,-0.034415209,1107.88,5.5,-15.9044940104058,8.81641575668547,36.198565,93.3,2014-02-01,103.0,0.201234529,1136.76,5.5,-3.40557962817925,-2.49363888560868,35.24404,96.3
271,2014-08-01,102.9,-0.329736366,1252.73,8.0,-4.61801395117926,4.59569861093595,36.09842727272727,105.8,2014-08-01,102.9,0.078807754,1252.73,7.5,-2.22112879558726,12.2475514425581,36.09842727272727,103.1,2014-07-01,10547.29,0.044413829,1241.98,7.0,-4.13329597780207,8.68489670262713,34.635408695652174,100.6,2014-06-01,10588.410000000002,-0.435737348,1266.74,5.5,-0.759035784222588,5.37333781070734,34.449533333333335,103.2,2014-05-01,9840.640000000001,-0.359713861,1190.57,5.5,0.424113680028761,7.46384124867762,34.833655,101.9,2014-04-01,102.2,-0.190383869,1159.27,5.5,-4.16173976247705,10.775629874422,35.66772727272728,104.4,2014-03-01,99.1,-0.034415209,1107.88,5.5,-15.9044940104058,8.81641575668547,36.198565,93.3
272,2014-09-01,104.2,-0.761372088,1204.08,8.0,-0.595240014831855,6.48503430630802,37.90178095238095,104.9,2014-09-01,104.2,-0.329736366,1204.08,7.5,2.63724000551108,4.59569861093595,37.90178095238095,105.8,2014-08-01,10588.410000000002,0.078807754,1252.73,7.5,-2.22112879558726,12.2475514425581,36.09842727272727,103.1,2014-07-01,10547.29,0.044413829,1241.98,7.0,-4.13329597780207,8.68489670262713,34.635408695652174,100.6,2014-06-01,10588.410000000002,-0.435737348,1266.74,5.5,-0.759035784222588,5.37333781070734,34.449533333333335,103.2,2014-05-01,99.2,-0.359713861,1190.57,5.5,0.424113680028761,7.46384124867762,34.833655,101.9,2014-04-01,102.2,-0.190383869,1159.27,5.5,-4.16173976247705,10.775629874422,35.66772727272728,104.4
273,2014-10-01,105.4,-0.595116797,1127.01,8.0,-1.41893991173796,3.50855240240597,40.79868695652174,107.6,2014-10-01,105.4,-0.761372088,1127.01,7.5,-4.61801395117926,6.48503430630802,40.79868695652174,104.9,2014-09-01,10857.640000000001,-0.329736366,1204.08,7.5,2.63724000551108,4.59569861093595,37.90178095238095,105.8,2014-08-01,10588.410000000002,0.078807754,1252.73,7.5,-2.22112879558726,12.2475514425581,36.09842727272727,103.1,2014-07-01,10547.29,0.044413829,1241.98,7.0,-4.13329597780207,8.68489670262713,34.635408695652174,100.6,2014-06-01,102.9,-0.435737348,1266.74,5.5,-0.759035784222588,5.37333781070734,34.449533333333335,103.2,2014-05-01,99.2,-0.359713861,1190.57,5.5,0.424113680028761,7.46384124867762,34.833655,101.9
274,2014-11-01,101.5,-1.001335008,1120.61,9.5,-8.43722812043776,-5.818264438158,46.217484210526315,103.1,2014-11-01,101.5,-0.595116797,1120.61,8.0,-0.595240014831855,3.50855240240597,46.217484210526315,107.6,2014-10-01,11109.160000000002,-0.761372088,1127.01,7.5,-4.61801395117926,6.48503430630802,40.79868695652174,104.9,2014-09-01,10857.640000000001,-0.329736366,1204.08,7.5,2.63724000551108,4.59569861093595,37.90178095238095,105.8,2014-08-01,10588.410000000002,0.078807754,1252.73,7.5,-2.22112879558726,12.2475514425581,36.09842727272727,103.1,2014-07-01,102.7,0.044413829,1241.98,7.0,-4.13329597780207,8.68489670262713,34.635408695652174,100.6,2014-06-01,102.9,-0.435737348,1266.74,5.5,-0.759035784222588,5.37333781070734,34.449533333333335,103.2
275,2014-12-01,105.3,-0.974402101,1113.96,17.0,-3.74178445564692,-2.1570070653122,55.77043636363636,103.1,2014-12-01,105.3,-1.001335008,1113.96,8.0,-1.41893991173796,-5.818264438158,55.77043636363636,103.1,2014-11-01,10302.25,-0.595116797,1120.61,8.0,-0.595240014831855,3.50855240240597,46.217484210526315,107.6,2014-10-01,11109.160000000002,-0.761372088,1127.01,7.5,-4.61801395117926,6.48503430630802,40.79868695652174,104.9,2014-09-01,10857.640000000001,-0.329736366,1204.08,7.5,2.63724000551108,4.59569861093595,37.90178095238095,105.8,2014-08-01,102.9,0.078807754,1252.73,7.5,-2.22112879558726,12.2475514425581,36.09842727272727,103.1,2014-07-01,102.7,0.044413829,1241.98,7.0,-4.13329597780207,8.68489670262713,34.635408695652174,100.6
276,2015-01-01,101.3,-1.551464015,1049.05,17.0,-20.4681225890108,-8.73467092416067,65.1530875,96.6,2015-01-01,101.3,-0.974402101,1049.05,8.0,-8.43722812043776,-2.1570070653122,65.1530875,103.1,2014-12-01,11088.09,-1.001335008,1113.96,8.0,-1.41893991173796,-5.818264438158,55.77043636363636,103.1,2014-11-01,10302.25,-0.595116797,1120.61,8.0,-0.595240014831855,3.50855240240597,46.217484210526315,107.6,2014-10-01,11109.160000000002,-0.761372088,1127.01,7.5,-4.61801395117926,6.48503430630802,40.79868695652174,104.9,2014-09-01,104.2,-0.329736366,1204.08,7.5,2.63724000551108,4.59569861093595,37.90178095238095,105.8,2014-08-01,102.9,0.078807754,1252.73,7.5,-2.22112879558726,12.2475514425581,36.09842727272727,103.1
277,2015-02-01,99.8,-1.756337226,1156.01,15.0,-11.9368770956823,2.57227603997615,64.51817368421052,92.5,2015-02-01,99.8,-1.551464015,1156.01,8.0,-3.74178445564692,-8.73467092416067,64.51817368421052,96.6,2015-01-01,10261.689999999999,-0.974402101,1049.05,8.0,-8.43722812043776,-2.1570070653122,65.1530875,103.1,2014-12-01,11088.09,-1.001335008,1113.96,8.0,-1.41893991173796,-5.818264438158,55.77043636363636,103.1,2014-11-01,10302.25,-0.595116797,1120.61,8.0,-0.595240014831855,3.50855240240597,46.217484210526315,107.6,2014-10-01,105.4,-0.761372088,1127.01,7.5,-4.61801395117926,6.48503430630802,40.79868695652174,104.9,2014-09-01,104.2,-0.329736366,1204.08,7.5,2.63724000551108,4.59569861093595,37.90178095238095,105.8
278,2015-03-01,101.9,-1.972269835,1167.5,14.0,-7.19466829125312,6.96349276892443,60.36309,103.0,2015-03-01,101.9,-1.756337226,1167.5,9.5,-20.4681225890108,2.57227603997615,60.36309,92.5,2015-02-01,9960.039999999999,-1.551464015,1156.01,8.0,-3.74178445564692,-8.73467092416067,64.51817368421052,96.6,2015-01-01,10261.689999999999,-0.974402101,1049.05,8.0,-8.43722812043776,-2.1570070653122,65.1530875,103.1,2014-12-01,11088.09,-1.001335008,1113.96,8.0,-1.41893991173796,-5.818264438158,55.77043636363636,103.1,2014-11-01,101.5,-0.595116797,1120.61,8.0,-0.595240014831855,3.50855240240597,46.217484210526315,107.6,2014-10-01,105.4,-0.761372088,1127.01,7.5,-4.61801395117926,6.48503430630802,40.79868695652174,104.9
279,2015-04-01,99.4,-1.53792343099999,1148.2,14.0,-6.40397960733006,4.78593484548762,53.21869545454546,99.8,2015-04-01,99.4,-1.972269835,1148.2,17.0,-11.9368770956823,6.96349276892443,53.21869545454546,103.0,2015-03-01,10383.61,-1.756337226,1167.5,9.5,-20.4681225890108,2.57227603997615,60.36309,92.5,2015-02-01,9960.039999999999,-1.551464015,1156.01,8.0,-3.74178445564692,-8.73467092416067,64.51817368421052,96.6,2015-01-01,10261.689999999999,-0.974402101,1049.05,8.0,-8.43722812043776,-2.1570070653122,65.1530875,103.1,2014-12-01,105.3,-1.001335008,1113.96,8.0,-1.41893991173796,-5.818264438158,55.77043636363636,103.1,2014-11-01,101.5,-0.595116797,1120.61,8.0,-0.595240014831855,3.50855240240597,46.217484210526315,107.6
280,2015-05-01,99.0,-0.836182711,1075.24,12.5,-7.89669837638563,3.18704135430957,50.46795789473684,99.9,2015-05-01,99.0,-1.53792343099999,1075.24,17.0,-7.19466829125312,4.78593484548762,50.46795789473684,99.8,2015-04-01,9880.36,-1.972269835,1148.2,17.0,-11.9368770956823,6.96349276892443,53.21869545454546,103.0,2015-03-01,10383.61,-1.756337226,1167.5,9.5,-20.4681225890108,2.57227603997615,60.36309,92.5,2015-02-01,9960.039999999999,-1.551464015,1156.01,8.0,-3.74178445564692,-8.73467092416067,64.51817368421052,96.6,2015-01-01,101.3,-0.974402101,1049.05,8.0,-8.43722812043776,-2.1570070653122,65.1530875,103.1,2014-12-01,105.3,-1.001335008,1113.96,8.0,-1.41893991173796,-5.818264438158,55.77043636363636,103.1
281,2015-06-01,100.1,-0.845598354,1173.59,11.5,-6.59687998061275,5.40050446455982,54.449040000000004,97.3,2015-06-01,100.1,-0.836182711,1173.59,15.0,-6.40397960733006,3.18704135430957,54.449040000000004,99.9,2015-05-01,9801.0,-1.53792343099999,1075.24,17.0,-7.19466829125312,4.78593484548762,50.46795789473684,99.8,2015-04-01,9880.36,-1.972269835,1148.2,17.0,-11.9368770956823,6.96349276892443,53.21869545454546,103.0,2015-03-01,10383.61,-1.756337226,1167.5,9.5,-20.4681225890108,2.57227603997615,60.36309,92.5,2015-02-01,99.8,-1.551464015,1156.01,8.0,-3.74178445564692,-8.73467092416067,64.51817368421052,96.6,2015-01-01,101.3,-0.974402101,1049.05,8.0,-8.43722812043776,-2.1570070653122,65.1530875,103.1
282,2015-07-01,100.2,-0.628935402,1183.02,11.5,-6.54673268398922,5.27422704384489,57.17966956521739,102.8,2015-07-01,100.2,-0.845598354,1183.02,14.0,-7.89669837638563,5.40050446455982,57.17966956521739,97.3,2015-06-01,10020.009999999998,-0.836182711,1173.59,15.0,-6.40397960733006,3.18704135430957,54.449040000000004,99.9,2015-05-01,9801.0,-1.53792343099999,1075.24,17.0,-7.19466829125312,4.78593484548762,50.46795789473684,99.8,2015-04-01,9880.36,-1.972269835,1148.2,17.0,-11.9368770956823,6.96349276892443,53.21869545454546,103.0,2015-03-01,101.9,-1.756337226,1167.5,9.5,-20.4681225890108,2.57227603997615,60.36309,92.5,2015-02-01,99.8,-1.551464015,1156.01,8.0,-3.74178445564692,-8.73467092416067,64.51817368421052,96.6
283,2015-08-01,100.7,-0.761690482,1157.66,11.0,-8.15679161266166,1.82372696591159,65.42299047619048,105.2,2015-08-01,100.7,-0.628935402,1157.66,14.0,-6.59687998061275,5.27422704384489,65.42299047619048,102.8,2015-07-01,10040.04,-0.845598354,1183.02,14.0,-7.89669837638563,5.40050446455982,57.17966956521739,97.3,2015-06-01,10020.009999999998,-0.836182711,1173.59,15.0,-6.40397960733006,3.18704135430957,54.449040000000004,99.9,2015-05-01,9801.0,-1.53792343099999,1075.24,17.0,-7.19466829125312,4.78593484548762,50.46795789473684,99.8,2015-04-01,99.4,-1.972269835,1148.2,17.0,-11.9368770956823,6.96349276892443,53.21869545454546,103.0,2015-03-01,101.9,-1.756337226,1167.5,9.5,-20.4681225890108,2.57227603997615,60.36309,92.5
284,2015-09-01,100.5,-1.678045848,1210.04,11.0,-7.86021990173726,1.19039052135784,66.78289545454545,103.5,2015-09-01,100.5,-0.761690482,1210.04,12.5,-6.54673268398922,1.82372696591159,66.78289545454545,105.2,2015-08-01,10140.49,-0.628935402,1157.66,14.0,-6.59687998061275,5.27422704384489,65.42299047619048,102.8,2015-07-01,10040.04,-0.845598354,1183.02,14.0,-7.89669837638563,5.40050446455982,57.17966956521739,97.3,2015-06-01,10020.009999999998,-0.836182711,1173.59,15.0,-6.40397960733006,3.18704135430957,54.449040000000004,99.9,2015-05-01,99.0,-1.53792343099999,1075.24,17.0,-7.19466829125312,4.78593484548762,50.46795789473684,99.8,2015-04-01,99.4,-1.972269835,1148.2,17.0,-11.9368770956823,6.96349276892443,53.21869545454546,103.0
285,2015-10-01,100.2,-1.167661566,1221.62,11.0,-7.79927113337506,1.31549730391987,63.24558695652174,107.0,2015-10-01,100.2,-1.678045848,1221.62,11.5,-8.15679161266166,1.19039052135784,63.24558695652174,103.5,2015-09-01,10100.25,-0.761690482,1210.04,12.5,-6.54673268398922,1.82372696591159,66.78289545454545,105.2,2015-08-01,10140.49,-0.628935402,1157.66,14.0,-6.59687998061275,5.27422704384489,65.42299047619048,102.8,2015-07-01,10040.04,-0.845598354,1183.02,14.0,-7.89669837638563,5.40050446455982,57.17966956521739,97.3,2015-06-01,100.1,-0.836182711,1173.59,15.0,-6.40397960733006,3.18704135430957,54.449040000000004,99.9,2015-05-01,99.0,-1.53792343099999,1075.24,17.0,-7.19466829125312,4.78593484548762,50.46795789473684,99.8
286,2015-11-01,100.8,-1.21505909,1181.02,11.0,-10.6223187717836,-6.25354106717629,65.02956315789474,103.1,2015-11-01,100.8,-1.167661566,1181.02,11.5,-7.86021990173726,1.31549730391987,65.02956315789474,107.0,2015-10-01,10040.04,-1.678045848,1221.62,11.5,-8.15679161266166,1.19039052135784,63.24558695652174,103.5,2015-09-01,10100.25,-0.761690482,1210.04,12.5,-6.54673268398922,1.82372696591159,66.78289545454545,105.2,2015-08-01,10140.49,-0.628935402,1157.66,14.0,-6.59687998061275,5.27422704384489,65.42299047619048,102.8,2015-07-01,100.2,-0.845598354,1183.02,14.0,-7.89669837638563,5.40050446455982,57.17966956521739,97.3,2015-06-01,100.1,-0.836182711,1173.59,15.0,-6.40397960733006,3.18704135430957,54.449040000000004,99.9
287,2015-12-01,99.0,-0.889527245,1133.95,11.0,-12.0085267378173,-5.77513059184923,69.70484782608696,104.3,2015-12-01,99.0,-1.21505909,1133.95,11.0,-7.79927113337506,-6.25354106717629,69.70484782608696,103.1,2015-11-01,10160.64,-1.167661566,1181.02,11.5,-7.86021990173726,1.31549730391987,65.02956315789474,107.0,2015-10-01,10040.04,-1.678045848,1221.62,11.5,-8.15679161266166,1.19039052135784,63.24558695652174,103.5,2015-09-01,10100.25,-0.761690482,1210.04,12.5,-6.54673268398922,1.82372696591159,66.78289545454545,105.2,2015-08-01,100.7,-0.628935402,1157.66,14.0,-6.59687998061275,5.27422704384489,65.42299047619048,102.8,2015-07-01,100.2,-0.845598354,1183.02,14.0,-7.89669837638563,5.40050446455982,57.17966956521739,97.3
288,2016-01-01,99.1,-1.022556978,1168.17,11.0,-21.5483974358545,-8.49107595880284,77.934425,93.8,2016-01-01,99.1,-0.889527245,1168.17,11.0,-10.6223187717836,-5.77513059184923,77.934425,104.3,2015-12-01,9801.0,-1.21505909,1133.95,11.0,-7.79927113337506,-6.25354106717629,69.70484782608696,103.1,2015-11-01,10160.64,-1.167661566,1181.02,11.5,-7.86021990173726,1.31549730391987,65.02956315789474,107.0,2015-10-01,10040.04,-1.678045848,1221.62,11.5,-8.15679161266166,1.19039052135784,63.24558695652174,103.5,2015-09-01,100.5,-0.761690482,1210.04,12.5,-6.54673268398922,1.82372696591159,66.78289545454545,105.2,2015-08-01,100.7,-0.628935402,1157.66,14.0,-6.59687998061275,5.27422704384489,65.42299047619048,102.8
289,2016-02-01,102.0,-1.672402188,1139.51,11.0,-8.16737096904147,6.79879422743664,77.3284947368421,95.2,2016-02-01,102.0,-1.022556978,1139.51,11.0,-12.0085267378173,-8.49107595880284,77.3284947368421,93.8,2016-01-01,9820.81,-0.889527245,1168.17,11.0,-10.6223187717836,-5.77513059184923,77.934425,104.3,2015-12-01,9801.0,-1.21505909,1133.95,11.0,-7.79927113337506,-6.25354106717629,69.70484782608696,103.1,2015-11-01,10160.64,-1.167661566,1181.02,11.5,-7.86021990173726,1.31549730391987,65.02956315789474,107.0,2015-10-01,100.2,-1.678045848,1221.62,11.5,-8.15679161266166,1.19039052135784,63.24558695652174,103.5,2015-09-01,100.5,-0.761690482,1210.04,12.5,-6.54673268398922,1.82372696591159,66.78289545454545,105.2
290,2016-03-01,100.9,-1.54512814199999,1132.65,11.0,-6.41166908715215,7.5143130509428,70.41831904761905,105.1,2016-03-01,100.9,-1.672402188,1132.65,11.0,-21.5483974358545,6.79879422743664,70.41831904761905,95.2,2016-02-01,10404.0,-1.022556978,1139.51,11.0,-12.0085267378173,-8.49107595880284,77.3284947368421,93.8,2016-01-01,9820.81,-0.889527245,1168.17,11.0,-10.6223187717836,-5.77513059184923,77.934425,104.3,2015-12-01,9801.0,-1.21505909,1133.95,11.0,-7.79927113337506,-6.25354106717629,69.70484782608696,103.1,2015-11-01,100.8,-1.167661566,1181.02,11.5,-7.86021990173726,1.31549730391987,65.02956315789474,107.0,2015-10-01,100.2,-1.678045848,1221.62,11.5,-8.15679161266166,1.19039052135784,63.24558695652174,103.5
291,2016-04-01,99.8,-1.12873918,1110.31,11.0,-7.60009259503535,3.83673218346399,66.68263636363636,101.4,2016-04-01,99.8,-1.54512814199999,1110.31,11.0,-8.16737096904147,7.5143130509428,66.68263636363636,105.1,2016-03-01,10180.810000000001,-1.672402188,1132.65,11.0,-21.5483974358545,6.79879422743664,70.41831904761905,95.2,2016-02-01,10404.0,-1.022556978,1139.51,11.0,-12.0085267378173,-8.49107595880284,77.3284947368421,93.8,2016-01-01,9820.81,-0.889527245,1168.17,11.0,-10.6223187717836,-5.77513059184923,77.934425,104.3,2015-12-01,99.0,-1.21505909,1133.95,11.0,-7.79927113337506,-6.25354106717629,69.70484782608696,103.1,2015-11-01,100.8,-1.167661566,1181.02,11.5,-7.86021990173726,1.31549730391987,65.02956315789474,107.0
292,2016-05-01,100.4,-0.730799465999999,1145.65,11.0,-7.72928169781203,4.5076363062453,65.83865555555556,102.9,2016-05-01,100.4,-1.12873918,1145.65,11.0,-6.41166908715215,3.83673218346399,65.83865555555556,101.4,2016-04-01,9960.039999999999,-1.54512814199999,1110.31,11.0,-8.16737096904147,7.5143130509428,66.68263636363636,105.1,2016-03-01,10180.810000000001,-1.672402188,1132.65,11.0,-21.5483974358545,6.79879422743664,70.41831904761905,95.2,2016-02-01,10404.0,-1.022556978,1139.51,11.0,-12.0085267378173,-8.49107595880284,77.3284947368421,93.8,2016-01-01,99.1,-0.889527245,1168.17,11.0,-10.6223187717836,-5.77513059184923,77.934425,104.3,2015-12-01,99.0,-1.21505909,1133.95,11.0,-7.79927113337506,-6.25354106717629,69.70484782608696,103.1
293,2016-06-01,101.1,-0.558014066,1248.72,10.5,-5.55926981687873,6.21997617674882,65.21926666666667,101.3,2016-06-01,101.1,-0.730799465999999,1248.72,11.0,-7.60009259503535,4.5076363062453,65.21926666666667,102.9,2016-05-01,10080.160000000002,-1.12873918,1145.65,11.0,-6.41166908715215,3.83673218346399,65.83865555555556,101.4,2016-04-01,9960.039999999999,-1.54512814199999,1110.31,11.0,-8.16737096904147,7.5143130509428,66.68263636363636,105.1,2016-03-01,10180.810000000001,-1.672402188,1132.65,11.0,-21.5483974358545,6.79879422743664,70.41831904761905,95.2,2016-02-01,102.0,-1.022556978,1139.51,11.0,-12.0085267378173,-8.49107595880284,77.3284947368421,93.8,2016-01-01,99.1,-0.889527245,1168.17,11.0,-10.6223187717836,-5.77513059184923,77.934425,104.3
294,2016-07-01,100.4,-0.108641535,1278.66,10.5,-4.31509232294319,7.89190726620328,64.33796818181818,104.4,2016-07-01,100.4,-0.558014066,1278.66,11.0,-7.72928169781203,6.21997617674882,64.33796818181818,101.3,2016-06-01,10221.21,-0.730799465999999,1248.72,11.0,-7.60009259503535,4.5076363062453,65.21926666666667,102.9,2016-05-01,10080.160000000002,-1.12873918,1145.65,11.0,-6.41166908715215,3.83673218346399,65.83865555555556,101.4,2016-04-01,9960.039999999999,-1.54512814199999,1110.31,11.0,-8.16737096904147,7.5143130509428,66.68263636363636,105.1,2016-03-01,100.9,-1.672402188,1132.65,11.0,-21.5483974358545,6.79879422743664,70.41831904761905,95.2,2016-02-01,102.0,-1.022556978,1139.51,11.0,-12.0085267378173,-8.49107595880284,77.3284947368421,93.8
295,2016-08-01,102.2,-0.033417964,1340.6,10.5,-2.53905962210214,8.12163641400352,64.93652727272728,105.9,2016-08-01,102.2,-0.108641535,1340.6,11.0,-5.55926981687873,7.89190726620328,64.93652727272728,104.4,2016-07-01,10080.160000000002,-0.558014066,1278.66,11.0,-7.72928169781203,6.21997617674882,64.33796818181818,101.3,2016-06-01,10221.21,-0.730799465999999,1248.72,11.0,-7.60009259503535,4.5076363062453,65.21926666666667,102.9,2016-05-01,10080.160000000002,-1.12873918,1145.65,11.0,-6.41166908715215,3.83673218346399,65.83865555555556,101.4,2016-04-01,99.8,-1.54512814199999,1110.31,11.0,-8.16737096904147,7.5143130509428,66.68263636363636,105.1,2016-03-01,100.9,-1.672402188,1132.65,11.0,-21.5483974358545,6.79879422743664,70.41831904761905,95.2
296,2016-09-01,102.5,-0.387667794,1275.02,10.0,-0.135194149016521,5.79195349569608,64.55720454545454,102.0,2016-09-01,102.5,-0.033417964,1275.02,11.0,-4.31509232294319,8.12163641400352,64.55720454545454,105.9,2016-08-01,10444.84,-0.108641535,1340.6,11.0,-5.55926981687873,7.89190726620328,64.93652727272728,104.4,2016-07-01,10080.160000000002,-0.558014066,1278.66,11.0,-7.72928169781203,6.21997617674882,64.33796818181818,101.3,2016-06-01,10221.21,-0.730799465999999,1248.72,11.0,-7.60009259503535,4.5076363062453,65.21926666666667,102.9,2016-05-01,100.4,-1.12873918,1145.65,11.0,-6.41166908715215,3.83673218346399,65.83865555555556,101.4,2016-04-01,99.8,-1.54512814199999,1110.31,11.0,-8.16737096904147,7.5143130509428,66.68263636363636,105.1
297,2016-10-01,103.0,-0.525729409,1198.59,10.0,-1.24948132509416,3.73532519723008,62.62000476190476,103.4,2016-10-01,103.0,-0.387667794,1198.59,10.5,-2.53905962210214,5.79195349569608,62.62000476190476,102.0,2016-09-01,10506.25,-0.033417964,1275.02,11.0,-4.31509232294319,8.12163641400352,64.55720454545454,105.9,2016-08-01,10444.84,-0.108641535,1340.6,11.0,-5.55926981687873,7.89190726620328,64.93652727272728,104.4,2016-07-01,10080.160000000002,-0.558014066,1278.66,11.0,-7.72928169781203,6.21997617674882,64.33796818181818,101.3,2016-06-01,101.1,-0.730799465999999,1248.72,11.0,-7.60009259503535,4.5076363062453,65.21926666666667,102.9,2016-05-01,100.4,-1.12873918,1145.65,11.0,-6.41166908715215,3.83673218346399,65.83865555555556,101.4
298,2016-11-01,105.2,-0.215534104,1192.79,10.0,-6.60788613701248,-1.21745032449672,64.3137380952381,102.2,2016-11-01,105.2,-0.525729409,1192.79,10.5,-0.135194149016521,3.73532519723008,64.3137380952381,103.4,2016-10-01,10609.0,-0.387667794,1198.59,10.5,-2.53905962210214,5.79195349569608,62.62000476190476,102.0,2016-09-01,10506.25,-0.033417964,1275.02,11.0,-4.31509232294319,8.12163641400352,64.55720454545454,105.9,2016-08-01,10444.84,-0.108641535,1340.6,11.0,-5.55926981687873,7.89190726620328,64.93652727272728,104.4,2016-07-01,100.4,-0.558014066,1278.66,11.0,-7.72928169781203,6.21997617674882,64.33796818181818,101.3,2016-06-01,101.1,-0.730799465999999,1248.72,11.0,-7.60009259503535,4.5076363062453,65.21926666666667,102.9
299,2016-12-01,103.9,0.0826448479999999,1218.24,10.0,-3.04696184467725,2.00944150674573,62.09129130434783,105.2,2016-12-01,103.9,-0.215534104,1218.24,10.5,-1.24948132509416,-1.21745032449672,62.09129130434783,102.2,2016-11-01,11067.04,-0.525729409,1192.79,10.5,-0.135194149016521,3.73532519723008,64.3137380952381,103.4,2016-10-01,10609.0,-0.387667794,1198.59,10.5,-2.53905962210214,5.79195349569608,62.62000476190476,102.0,2016-09-01,10506.25,-0.033417964,1275.02,11.0,-4.31509232294319,8.12163641400352,64.55720454545454,105.9,2016-08-01,102.2,-0.108641535,1340.6,11.0,-5.55926981687873,7.89190726620328,64.93652727272728,104.4,2016-07-01,100.4,-0.558014066,1278.66,11.0,-7.72928169781203,6.21997617674882,64.33796818181818,101.3
300,2017-01-01,106.6,0.392892794,1182.94,10.0,-14.4956958030497,-1.97530809595074,59.629856249999996,100.1,2017-01-01,106.6,0.0826448479999999,1182.94,10.0,-6.60788613701248,2.00944150674573,59.629856249999996,105.2,2016-12-01,10795.210000000001,-0.215534104,1218.24,10.5,-1.24948132509416,-1.21745032449672,62.09129130434783,102.2,2016-11-01,11067.04,-0.525729409,1192.79,10.5,-0.135194149016521,3.73532519723008,64.3137380952381,103.4,2016-10-01,10609.0,-0.387667794,1198.59,10.5,-2.53905962210214,5.79195349569608,62.62000476190476,102.0,2016-09-01,102.5,-0.033417964,1275.02,11.0,-4.31509232294319,8.12163641400352,64.55720454545454,105.9,2016-08-01,102.2,-0.108641535,1340.6,11.0,-5.55926981687873,7.89190726620328,64.93652727272728,104.4
301,2017-02-01,101.6,0.510760847,1197.11,10.0,-6.46724142721087,5.12346963628431,58.539361111111106,96.0,2017-02-01,101.6,0.392892794,1197.11,10.0,-3.04696184467725,-1.97530809595074,58.539361111111106,100.1,2017-01-01,11363.56,0.0826448479999999,1182.94,10.0,-6.60788613701248,2.00944150674573,59.629856249999996,105.2,2016-12-01,10795.210000000001,-0.215534104,1218.24,10.5,-1.24948132509416,-1.21745032449672,62.09129130434783,102.2,2016-11-01,11067.04,-0.525729409,1192.79,10.5,-0.135194149016521,3.73532519723008,64.3137380952381,103.4,2016-10-01,103.0,-0.387667794,1198.59,10.5,-2.53905962210214,5.79195349569608,62.62000476190476,102.0,2016-09-01,102.5,-0.033417964,1275.02,11.0,-4.31509232294319,8.12163641400352,64.55720454545454,105.9
302,2017-03-01,103.6,0.729786434,1160.36,9.75,-2.51977631101223,10.7040736825985,58.006631818181816,109.0,2017-03-01,103.6,0.510760847,1160.36,10.0,-14.4956958030497,5.12346963628431,58.006631818181816,96.0,2017-02-01,10322.56,0.392892794,1197.11,10.0,-3.04696184467725,-1.97530809595074,58.539361111111106,100.1,2017-01-01,11363.56,0.0826448479999999,1182.94,10.0,-6.60788613701248,2.00944150674573,59.629856249999996,105.2,2016-12-01,10795.210000000001,-0.215534104,1218.24,10.5,-1.24948132509416,-1.21745032449672,62.09129130434783,102.2,2016-11-01,105.2,-0.525729409,1192.79,10.5,-0.135194149016521,3.73532519723008,64.3137380952381,103.4,2016-10-01,103.0,-0.387667794,1198.59,10.5,-2.53905962210214,5.79195349569608,62.62000476190476,102.0
303,2017-04-01,104.3,0.913982265,1178.87,9.75,-6.81696040279707,2.94772533958721,56.43561428571428,105.3,2017-04-01,104.3,0.729786434,1178.87,10.0,-6.46724142721087,10.7040736825985,56.43561428571428,109.0,2017-03-01,10732.96,0.510760847,1160.36,10.0,-14.4956958030497,5.12346963628431,58.006631818181816,96.0,2017-02-01,10322.56,0.392892794,1197.11,10.0,-3.04696184467725,-1.97530809595074,58.539361111111106,100.1,2017-01-01,11363.56,0.0826448479999999,1182.94,10.0,-6.60788613701248,2.00944150674573,59.629856249999996,105.2,2016-12-01,103.9,-0.215534104,1218.24,10.5,-1.24948132509416,-1.21745032449672,62.09129130434783,102.2,2016-11-01,105.2,-0.525729409,1192.79,10.5,-0.135194149016521,3.73532519723008,64.3137380952381,103.4
304,2017-05-01,106.3,0.87315744,1135.32,9.25,-3.5100492503293,7.27583410742997,56.950068421052634,106.5,2017-05-01,106.3,0.913982265,1135.32,10.0,-2.51977631101223,2.94772533958721,56.950068421052634,105.3,2017-04-01,10878.49,0.729786434,1178.87,10.0,-6.46724142721087,10.7040736825985,56.43561428571428,109.0,2017-03-01,10732.96,0.510760847,1160.36,10.0,-14.4956958030497,5.12346963628431,58.006631818181816,96.0,2017-02-01,10322.56,0.392892794,1197.11,10.0,-3.04696184467725,-1.97530809595074,58.539361111111106,100.1,2017-01-01,106.6,0.0826448479999999,1182.94,10.0,-6.60788613701248,2.00944150674573,59.629856249999996,105.2,2016-12-01,103.9,-0.215534104,1218.24,10.5,-1.24948132509416,-1.21745032449672,62.09129130434783,102.2
305,2017-06-01,105.5,0.822313455,1125.95,9.0,-2.67546735077413,7.49324002130319,57.89317619047618,103.8,2017-06-01,105.5,0.87315744,1125.95,10.0,-6.81696040279707,7.27583410742997,57.89317619047618,106.5,2017-05-01,11299.689999999999,0.913982265,1135.32,10.0,-2.51977631101223,2.94772533958721,56.950068421052634,105.3,2017-04-01,10878.49,0.729786434,1178.87,10.0,-6.46724142721087,10.7040736825985,56.43561428571428,109.0,2017-03-01,10732.96,0.510760847,1160.36,10.0,-14.4956958030497,5.12346963628431,58.006631818181816,96.0,2017-02-01,101.6,0.392892794,1197.11,10.0,-3.04696184467725,-1.97530809595074,58.539361111111106,100.1,2017-01-01,106.6,0.0826448479999999,1182.94,10.0,-6.60788613701248,2.00944150674573,59.629856249999996,105.2
306,2017-07-01,104.6,0.526740932,1169.43,9.0,-1.83712702835113,8.58765661804514,59.69267619047619,106.6,2017-07-01,104.6,0.822313455,1169.43,9.75,-3.5100492503293,7.49324002130319,59.69267619047619,103.8,2017-06-01,11130.25,0.87315744,1125.95,10.0,-6.81696040279707,7.27583410742997,57.89317619047618,106.5,2017-05-01,11299.689999999999,0.913982265,1135.32,10.0,-2.51977631101223,2.94772533958721,56.950068421052634,105.3,2017-04-01,10878.49,0.729786434,1178.87,10.0,-6.46724142721087,10.7040736825985,56.43561428571428,109.0,2017-03-01,103.6,0.510760847,1160.36,10.0,-14.4956958030497,5.12346963628431,58.006631818181816,96.0,2017-02-01,101.6,0.392892794,1197.11,10.0,-3.04696184467725,-1.97530809595074,58.539361111111106,100.1
307,2017-08-01,105.1,0.346706145,1308.1,9.0,1.21218355377574,9.21557961100595,59.61272608695652,106.2,2017-08-01,105.1,0.526740932,1308.1,9.75,-2.67546735077413,8.58765661804514,59.61272608695652,106.6,2017-07-01,10941.159999999998,0.822313455,1169.43,9.75,-3.5100492503293,7.49324002130319,59.69267619047619,103.8,2017-06-01,11130.25,0.87315744,1125.95,10.0,-6.81696040279707,7.27583410742997,57.89317619047618,106.5,2017-05-01,11299.689999999999,0.913982265,1135.32,10.0,-2.51977631101223,2.94772533958721,56.950068421052634,105.3,2017-04-01,104.3,0.729786434,1178.87,10.0,-6.46724142721087,10.7040736825985,56.43561428571428,109.0,2017-03-01,103.6,0.510760847,1160.36,10.0,-14.4956958030497,5.12346963628431,58.006631818181816,96.0
308,2017-09-01,104.0,0.315803251,1325.64,8.5,0.456648618225033,6.20437035151883,57.744690909090906,103.8,2017-09-01,104.0,0.346706145,1325.64,9.25,-1.83712702835113,9.21557961100595,57.744690909090906,106.2,2017-08-01,11046.009999999998,0.526740932,1308.1,9.75,-2.67546735077413,8.58765661804514,59.61272608695652,106.6,2017-07-01,10941.159999999998,0.822313455,1169.43,9.75,-3.5100492503293,7.49324002130319,59.69267619047619,103.8,2017-06-01,11130.25,0.87315744,1125.95,10.0,-6.81696040279707,7.27583410742997,57.89317619047618,106.5,2017-05-01,106.3,0.913982265,1135.32,10.0,-2.51977631101223,2.94772533958721,56.950068421052634,105.3,2017-04-01,104.3,0.729786434,1178.87,10.0,-6.46724142721087,10.7040736825985,56.43561428571428,109.0
309,2017-10-01,102.3,0.79526395,1281.23,8.25,0.581739303832881,5.83134333480353,57.69805238095238,108.1,2017-10-01,102.3,0.315803251,1281.23,9.0,1.21218355377574,6.20437035151883,57.69805238095238,103.8,2017-09-01,10816.0,0.346706145,1325.64,9.25,-1.83712702835113,9.21557961100595,57.744690909090906,106.2,2017-08-01,11046.009999999998,0.526740932,1308.1,9.75,-2.67546735077413,8.58765661804514,59.61272608695652,106.6,2017-07-01,10941.159999999998,0.822313455,1169.43,9.75,-3.5100492503293,7.49324002130319,59.69267619047619,103.8,2017-06-01,105.5,0.87315744,1125.95,10.0,-6.81696040279707,7.27583410742997,57.89317619047618,106.5,2017-05-01,106.3,0.913982265,1135.32,10.0,-2.51977631101223,2.94772533958721,56.950068421052634,105.3
310,2017-11-01,101.1,0.753071039,1203.43,8.25,-3.93450946468989,0.0459929156443195,58.92655238095238,105.7,2017-11-01,101.1,0.79526395,1203.43,9.0,0.456648618225033,5.83134333480353,58.92655238095238,108.1,2017-10-01,10465.289999999999,0.315803251,1281.23,9.0,1.21218355377574,6.20437035151883,57.69805238095238,103.8,2017-09-01,10816.0,0.346706145,1325.64,9.25,-1.83712702835113,9.21557961100595,57.744690909090906,106.2,2017-08-01,11046.009999999998,0.526740932,1308.1,9.75,-2.67546735077413,8.58765661804514,59.61272608695652,106.6,2017-07-01,104.6,0.822313455,1169.43,9.75,-3.5100492503293,7.49324002130319,59.69267619047619,103.8,2017-06-01,105.5,0.87315744,1125.95,10.0,-6.81696040279707,7.27583410742997,57.89317619047618,106.5
311,2017-12-01,100.3,0.542624318,1180.93,7.75,-0.597798942768521,2.86673798162221,58.573854545454545,110.2,2017-12-01,100.3,0.753071039,1180.93,9.0,0.581739303832881,0.0459929156443195,58.573854545454545,105.7,2017-11-01,10221.21,0.79526395,1203.43,9.0,0.456648618225033,5.83134333480353,58.92655238095238,108.1,2017-10-01,10465.289999999999,0.315803251,1281.23,9.0,1.21218355377574,6.20437035151883,57.69805238095238,103.8,2017-09-01,10816.0,0.346706145,1325.64,9.25,-1.83712702835113,9.21557961100595,57.744690909090906,106.2,2017-08-01,105.1,0.526740932,1308.1,9.75,-2.67546735077413,8.58765661804514,59.61272608695652,106.6,2017-07-01,104.6,0.822313455,1169.43,9.75,-3.5100492503293,7.49324002130319,59.69267619047619,103.8
312,2018-01-01,102.7,0.699308447,1207.58,7.75,-12.6926083456578,-1.05497724500148,56.4981,103.5,2018-01-01,102.7,0.542624318,1207.58,8.5,-3.93450946468989,2.86673798162221,56.4981,110.2,2017-12-01,10060.09,0.753071039,1180.93,9.0,0.581739303832881,0.0459929156443195,58.573854545454545,105.7,2017-11-01,10221.21,0.79526395,1203.43,9.0,0.456648618225033,5.83134333480353,58.92655238095238,108.1,2017-10-01,10465.289999999999,0.315803251,1281.23,9.0,1.21218355377574,6.20437035151883,57.69805238095238,103.8,2017-09-01,104.0,0.346706145,1325.64,9.25,-1.83712702835113,9.21557961100595,57.744690909090906,106.2,2017-08-01,105.1,0.526740932,1308.1,9.75,-2.67546735077413,8.58765661804514,59.61272608695652,106.6
313,2018-02-01,103.2,1.137026072,1177.11,7.5,-4.57880288046263,7.45207654436607,56.80670526315789,99.8,2018-02-01,103.2,0.699308447,1177.11,8.25,-0.597798942768521,-1.05497724500148,56.80670526315789,103.5,2018-01-01,10547.29,0.542624318,1207.58,8.5,-3.93450946468989,2.86673798162221,56.4981,110.2,2017-12-01,10060.09,0.753071039,1180.93,9.0,0.581739303832881,0.0459929156443195,58.573854545454545,105.7,2017-11-01,10221.21,0.79526395,1203.43,9.0,0.456648618225033,5.83134333480353,58.92655238095238,108.1,2017-10-01,102.3,0.315803251,1281.23,9.0,1.21218355377574,6.20437035151883,57.69805238095238,103.8,2017-09-01,104.0,0.346706145,1325.64,9.25,-1.83712702835113,9.21557961100595,57.744690909090906,106.2
314,2018-03-01,102.7,0.685640166,1174.26,7.25,0.132283196948543,11.4813004892192,57.06360476190476,112.4,2018-03-01,102.7,1.137026072,1174.26,8.25,-12.6926083456578,7.45207654436607,57.06360476190476,99.8,2018-02-01,10650.24,0.699308447,1177.11,8.25,-0.597798942768521,-1.05497724500148,56.80670526315789,103.5,2018-01-01,10547.29,0.542624318,1207.58,8.5,-3.93450946468989,2.86673798162221,56.4981,110.2,2017-12-01,10060.09,0.753071039,1180.93,9.0,0.581739303832881,0.0459929156443195,58.573854545454545,105.7,2017-11-01,101.1,0.79526395,1203.43,9.0,0.456648618225033,5.83134333480353,58.92655238095238,108.1,2017-10-01,102.3,0.315803251,1281.23,9.0,1.21218355377574,6.20437035151883,57.69805238095238,103.8
315,2018-04-01,103.2,0.481237868,1240.79,7.25,-1.60502684435844,7.2264173130246,60.769890476190476,108.9,2018-04-01,103.2,0.685640166,1240.79,7.75,-4.57880288046263,11.4813004892192,60.769890476190476,112.4,2018-03-01,10547.29,1.137026072,1174.26,8.25,-12.6926083456578,7.45207654436607,57.06360476190476,99.8,2018-02-01,10650.24,0.699308447,1177.11,8.25,-0.597798942768521,-1.05497724500148,56.80670526315789,103.5,2018-01-01,10547.29,0.542624318,1207.58,8.5,-3.93450946468989,2.86673798162221,56.4981,110.2,2017-12-01,100.3,0.753071039,1180.93,9.0,0.581739303832881,0.0459929156443195,58.573854545454545,105.7,2017-11-01,101.1,0.79526395,1203.43,9.0,0.456648618225033,5.83134333480353,58.92655238095238,108.1
316,2018-05-01,103.5,0.457759002,1163.67,7.25,-1.39204680419819,7.66114376336276,62.2309,110.3,2018-05-01,103.5,0.481237868,1163.67,7.75,0.132283196948543,7.2264173130246,62.2309,108.9,2018-04-01,10650.24,0.685640166,1240.79,7.75,-4.57880288046263,11.4813004892192,60.769890476190476,112.4,2018-03-01,10547.29,1.137026072,1174.26,8.25,-12.6926083456578,7.45207654436607,57.06360476190476,99.8,2018-02-01,10650.24,0.699308447,1177.11,8.25,-0.597798942768521,-1.05497724500148,56.80670526315789,103.5,2018-01-01,102.7,0.542624318,1207.58,8.5,-3.93450946468989,2.86673798162221,56.4981,110.2,2017-12-01,100.3,0.753071039,1180.93,9.0,0.581739303832881,0.0459929156443195,58.573854545454545,105.7
317,2018-06-01,102.1,0.479416165,1164.54,7.25,-1.48525151829084,6.48461505630323,62.768504761904765,107.0,2018-06-01,102.1,0.457759002,1164.54,7.5,-1.60502684435844,7.66114376336276,62.768504761904765,110.3,2018-05-01,10712.25,0.481237868,1163.67,7.75,0.132283196948543,7.2264173130246,62.2309,108.9,2018-04-01,10650.24,0.685640166,1240.79,7.75,-4.57880288046263,11.4813004892192,60.769890476190476,112.4,2018-03-01,10547.29,1.137026072,1174.26,8.25,-12.6926083456578,7.45207654436607,57.06360476190476,99.8,2018-02-01,103.2,0.699308447,1177.11,8.25,-0.597798942768521,-1.05497724500148,56.80670526315789,103.5,2018-01-01,102.7,0.542624318,1207.58,8.5,-3.93450946468989,2.86673798162221,56.4981,110.2
318,2018-07-01,103.5,0.201523826,1255.75,7.25,-1.83411153075787,8.04015924150889,62.86194761904761,107.6,2018-07-01,103.5,0.479416165,1255.75,7.25,-1.39204680419819,6.48461505630323,62.86194761904761,107.0,2018-06-01,10424.409999999998,0.457759002,1164.54,7.5,-1.60502684435844,7.66114376336276,62.768504761904765,110.3,2018-05-01,10712.25,0.481237868,1163.67,7.75,0.132283196948543,7.2264173130246,62.2309,108.9,2018-04-01,10650.24,0.685640166,1240.79,7.75,-4.57880288046263,11.4813004892192,60.769890476190476,112.4,2018-03-01,102.7,1.137026072,1174.26,8.25,-12.6926083456578,7.45207654436607,57.06360476190476,99.8,2018-02-01,103.2,0.699308447,1177.11,8.25,-0.597798942768521,-1.05497724500148,56.80670526315789,103.5
319,2018-08-01,102.8,0.230494984,1294.78,7.25,-0.803145685864307,7.53365182438299,66.07640869565218,108.4,2018-08-01,102.8,0.201523826,1294.78,7.25,-1.48525151829084,8.04015924150889,66.07640869565218,107.6,2018-07-01,10712.25,0.479416165,1255.75,7.25,-1.39204680419819,6.48461505630323,62.86194761904761,107.0,2018-06-01,10424.409999999998,0.457759002,1164.54,7.5,-1.60502684435844,7.66114376336276,62.768504761904765,110.3,2018-05-01,10712.25,0.481237868,1163.67,7.75,0.132283196948543,7.2264173130246,62.2309,108.9,2018-04-01,103.2,0.685640166,1240.79,7.75,-4.57880288046263,11.4813004892192,60.769890476190476,112.4,2018-03-01,102.7,1.137026072,1174.26,8.25,-12.6926083456578,7.45207654436607,57.06360476190476,99.8
320,2018-09-01,102.3,-0.247558385,1357.56,7.5,-2.75295972419428,2.64276355433671,67.66609523809524,104.5,2018-09-01,102.3,0.230494984,1357.56,7.25,-1.83411153075787,7.53365182438299,67.66609523809524,108.4,2018-08-01,10567.84,0.201523826,1294.78,7.25,-1.48525151829084,8.04015924150889,66.07640869565218,107.6,2018-07-01,10712.25,0.479416165,1255.75,7.25,-1.39204680419819,6.48461505630323,62.86194761904761,107.0,2018-06-01,10424.409999999998,0.457759002,1164.54,7.5,-1.60502684435844,7.66114376336276,62.768504761904765,110.3,2018-05-01,103.5,0.481237868,1163.67,7.75,0.132283196948543,7.2264173130246,62.2309,108.9,2018-04-01,103.2,0.685640166,1240.79,7.75,-4.57880288046263,11.4813004892192,60.769890476190476,112.4
321,2018-10-01,105.3,-0.109315008,1338.43,7.5,1.73255358153027,5.7572860677181,65.85452727272728,108.4,2018-10-01,105.3,-0.247558385,1338.43,7.25,-0.803145685864307,2.64276355433671,65.85452727272728,104.5,2018-09-01,10465.289999999999,0.230494984,1357.56,7.25,-1.83411153075787,7.53365182438299,67.66609523809524,108.4,2018-08-01,10567.84,0.201523826,1294.78,7.25,-1.48525151829084,8.04015924150889,66.07640869565218,107.6,2018-07-01,10712.25,0.479416165,1255.75,7.25,-1.39204680419819,6.48461505630323,62.86194761904761,107.0,2018-06-01,102.1,0.457759002,1164.54,7.5,-1.60502684435844,7.66114376336276,62.768504761904765,110.3,2018-05-01,103.5,0.481237868,1163.67,7.75,0.132283196948543,7.2264173130246,62.2309,108.9
322,2018-11-01,104.4,-0.298918076,1299.94,7.5,-5.63523933010179,-2.43033510171966,66.35568095238095,107.3,2018-11-01,104.4,-0.109315008,1299.94,7.25,-2.75295972419428,5.7572860677181,66.35568095238095,108.4,2018-10-01,11088.09,-0.247558385,1338.43,7.25,-0.803145685864307,2.64276355433671,65.85452727272728,104.5,2018-09-01,10465.289999999999,0.230494984,1357.56,7.25,-1.83411153075787,7.53365182438299,67.66609523809524,108.4,2018-08-01,10567.84,0.201523826,1294.78,7.25,-1.48525151829084,8.04015924150889,66.07640869565218,107.6,2018-07-01,103.5,0.479416165,1255.75,7.25,-1.39204680419819,6.48461505630323,62.86194761904761,107.0,2018-06-01,102.1,0.457759002,1164.54,7.5,-1.60502684435844,7.66114376336276,62.768504761904765,110.3
323,2018-12-01,106.4,-0.014599497,1291.67,7.75,-3.30183451817184,1.80448769082497,67.33531363636364,109.0,2018-12-01,106.4,-0.298918076,1291.67,7.25,1.73255358153027,-2.43033510171966,67.33531363636364,107.3,2018-11-01,10899.36,-0.109315008,1299.94,7.25,-2.75295972419428,5.7572860677181,66.35568095238095,108.4,2018-10-01,11088.09,-0.247558385,1338.43,7.25,-0.803145685864307,2.64276355433671,65.85452727272728,104.5,2018-09-01,10465.289999999999,0.230494984,1357.56,7.25,-1.83411153075787,7.53365182438299,67.66609523809524,108.4,2018-08-01,102.8,0.201523826,1294.78,7.25,-1.48525151829084,8.04015924150889,66.07640869565218,107.6,2018-07-01,103.5,0.479416165,1255.75,7.25,-1.39204680419819,6.48461505630323,62.86194761904761,107.0
324,2019-01-01,102.7,-0.177300789,1299.33,7.75,-12.9899613946783,-1.68240564912324,66.51254374999999,105.4,2019-01-01,102.7,-0.014599497,1299.33,7.5,-5.63523933010179,1.80448769082497,66.51254374999999,109.0,2018-12-01,11320.960000000001,-0.298918076,1291.67,7.25,1.73255358153027,-2.43033510171966,67.33531363636364,107.3,2018-11-01,10899.36,-0.109315008,1299.94,7.25,-2.75295972419428,5.7572860677181,66.35568095238095,108.4,2018-10-01,11088.09,-0.247558385,1338.43,7.25,-0.803145685864307,2.64276355433671,65.85452727272728,104.5,2018-09-01,102.3,0.230494984,1357.56,7.25,-1.83411153075787,7.53365182438299,67.66609523809524,108.4,2018-08-01,102.8,0.201523826,1294.78,7.25,-1.48525151829084,8.04015924150889,66.07640869565218,107.6
325,2019-02-01,104.2,-0.39038259,1285.23,7.75,-5.73899031665711,6.5205032626022,65.810525,100.0,2019-02-01,104.2,-0.177300789,1285.23,7.5,-3.30183451817184,-1.68240564912324,65.810525,105.4,2019-01-01,10547.29,-0.014599497,1299.33,7.5,-5.63523933010179,1.80448769082497,66.51254374999999,109.0,2018-12-01,11320.960000000001,-0.298918076,1291.67,7.25,1.73255358153027,-2.43033510171966,67.33531363636364,107.3,2018-11-01,10899.36,-0.109315008,1299.94,7.25,-2.75295972419428,5.7572860677181,66.35568095238095,108.4,2018-10-01,105.3,-0.247558385,1338.43,7.25,-0.803145685864307,2.64276355433671,65.85452727272728,104.5,2018-09-01,102.3,0.230494984,1357.56,7.25,-1.83411153075787,7.53365182438299,67.66609523809524,108.4
326,2019-03-01,102.7,-0.016582936,1338.83,7.75,-1.67343351764992,10.0599350240989,65.09225714285715,113.3,2019-03-01,102.7,-0.39038259,1338.83,7.5,-12.9899613946783,6.5205032626022,65.09225714285715,100.0,2019-02-01,10857.640000000001,-0.177300789,1285.23,7.5,-3.30183451817184,-1.68240564912324,65.810525,105.4,2019-01-01,10547.29,-0.014599497,1299.33,7.5,-5.63523933010179,1.80448769082497,66.51254374999999,109.0,2018-12-01,11320.960000000001,-0.298918076,1291.67,7.25,1.73255358153027,-2.43033510171966,67.33531363636364,107.3,2018-11-01,104.4,-0.109315008,1299.94,7.25,-2.75295972419428,5.7572860677181,66.35568095238095,108.4,2018-10-01,105.3,-0.247558385,1338.43,7.25,-0.803145685864307,2.64276355433671,65.85452727272728,104.5
327,2019-04-01,105.2,0.154189998,1364.46,7.75,-1.3858718793511,7.1767369483203,64.60310476190476,107.1,2019-04-01,105.2,-0.016582936,1364.46,7.75,-5.73899031665711,10.0599350240989,64.60310476190476,113.3,2019-03-01,10547.29,-0.39038259,1338.83,7.5,-12.9899613946783,6.5205032626022,65.09225714285715,100.0,2019-02-01,10857.640000000001,-0.177300789,1285.23,7.5,-3.30183451817184,-1.68240564912324,65.810525,105.4,2019-01-01,10547.29,-0.014599497,1299.33,7.5,-5.63523933010179,1.80448769082497,66.51254374999999,109.0,2018-12-01,106.4,-0.298918076,1291.67,7.25,1.73255358153027,-2.43033510171966,67.33531363636364,107.3,2018-11-01,104.4,-0.109315008,1299.94,7.25,-2.75295972419428,5.7572860677181,66.35568095238095,108.4
328,2019-05-01,101.0,0.137494056,1309.48,7.75,-2.78868801446979,6.1669895890239,64.81870555555555,106.3,2019-05-01,101.0,0.154189998,1309.48,7.75,-1.67343351764992,7.1767369483203,64.81870555555555,107.1,2019-04-01,11067.04,-0.016582936,1364.46,7.75,-5.73899031665711,10.0599350240989,64.60310476190476,113.3,2019-03-01,10547.29,-0.39038259,1338.83,7.5,-12.9899613946783,6.5205032626022,65.09225714285715,100.0,2019-02-01,10857.640000000001,-0.177300789,1285.23,7.5,-3.30183451817184,-1.68240564912324,65.810525,105.4,2019-01-01,102.7,-0.014599497,1299.33,7.5,-5.63523933010179,1.80448769082497,66.51254374999999,109.0,2018-12-01,106.4,-0.298918076,1291.67,7.25,1.73255358153027,-2.43033510171966,67.33531363636364,107.3
329,2019-06-01,103.2,0.185526979,1326.34,7.5,-3.95414710348194,6.86919828650613,64.16905,101.6,2019-06-01,103.2,0.137494056,1326.34,7.75,-1.3858718793511,6.1669895890239,64.16905,106.3,2019-05-01,10201.0,0.154189998,1309.48,7.75,-1.67343351764992,7.1767369483203,64.81870555555555,107.1,2019-04-01,11067.04,-0.016582936,1364.46,7.75,-5.73899031665711,10.0599350240989,64.60310476190476,113.3,2019-03-01,10547.29,-0.39038259,1338.83,7.5,-12.9899613946783,6.5205032626022,65.09225714285715,100.0,2019-02-01,104.2,-0.177300789,1285.23,7.5,-3.30183451817184,-1.68240564912324,65.810525,105.4,2019-01-01,102.7,-0.014599497,1299.33,7.5,-5.63523933010179,1.80448769082497,66.51254374999999,109.0
330,2019-07-01,104.3,-0.112383873,1268.38,7.25,-1.61063989720671,9.26199053821114,63.22268181818181,108.0,2019-07-01,104.3,0.185526979,1268.38,7.75,-2.78868801446979,6.86919828650613,63.22268181818181,101.6,2019-06-01,10650.24,0.137494056,1326.34,7.75,-1.3858718793511,6.1669895890239,64.16905,106.3,2019-05-01,10201.0,0.154189998,1309.48,7.75,-1.67343351764992,7.1767369483203,64.81870555555555,107.1,2019-04-01,11067.04,-0.016582936,1364.46,7.75,-5.73899031665711,10.0599350240989,64.60310476190476,113.3,2019-03-01,102.7,-0.39038259,1338.83,7.5,-12.9899613946783,6.5205032626022,65.09225714285715,100.0,2019-02-01,104.2,-0.177300789,1285.23,7.5,-3.30183451817184,-1.68240564912324,65.810525,105.4
331,2019-08-01,103.9,-0.266600472,1278.48,7.25,-2.17397974189975,6.99664838406849,65.58748260869565,109.0,2019-08-01,103.9,-0.112383873,1278.48,7.75,-3.95414710348194,9.26199053821114,65.58748260869565,108.0,2019-07-01,10878.49,0.185526979,1268.38,7.75,-2.78868801446979,6.86919828650613,63.22268181818181,101.6,2019-06-01,10650.24,0.137494056,1326.34,7.75,-1.3858718793511,6.1669895890239,64.16905,106.3,2019-05-01,10201.0,0.154189998,1309.48,7.75,-1.67343351764992,7.1767369483203,64.81870555555555,107.1,2019-04-01,105.2,-0.016582936,1364.46,7.75,-5.73899031665711,10.0599350240989,64.60310476190476,113.3,2019-03-01,102.7,-0.39038259,1338.83,7.5,-12.9899613946783,6.5205032626022,65.09225714285715,100.0
332,2019-09-01,105.0,-0.425530127,1291.98,7.0,-2.07804210243322,4.05982079189923,64.958705,106.0,2019-09-01,105.0,-0.266600472,1291.98,7.75,-1.61063989720671,6.99664838406849,64.958705,109.0,2019-08-01,10795.210000000001,-0.112383873,1278.48,7.75,-3.95414710348194,9.26199053821114,65.58748260869565,108.0,2019-07-01,10878.49,0.185526979,1268.38,7.75,-2.78868801446979,6.86919828650613,63.22268181818181,101.6,2019-06-01,10650.24,0.137494056,1326.34,7.75,-1.3858718793511,6.1669895890239,64.16905,106.3,2019-05-01,101.0,0.154189998,1309.48,7.75,-1.67343351764992,7.1767369483203,64.81870555555555,107.1,2019-04-01,105.2,-0.016582936,1364.46,7.75,-5.73899031665711,10.0599350240989,64.60310476190476,113.3
333,2019-10-01,104.4,0.303820559,1249.29,6.5,-4.8228546192006,3.80080416463292,64.37499130434783,109.5,2019-10-01,104.4,-0.425530127,1249.29,7.5,-2.17397974189975,4.05982079189923,64.37499130434783,106.0,2019-09-01,11025.0,-0.266600472,1291.98,7.75,-1.61063989720671,6.99664838406849,64.958705,109.0,2019-08-01,10795.210000000001,-0.112383873,1278.48,7.75,-3.95414710348194,9.26199053821114,65.58748260869565,108.0,2019-07-01,10878.49,0.185526979,1268.38,7.75,-2.78868801446979,6.86919828650613,63.22268181818181,101.6,2019-06-01,103.2,0.137494056,1326.34,7.75,-1.3858718793511,6.1669895890239,64.16905,106.3,2019-05-01,101.0,0.154189998,1309.48,7.75,-1.67343351764992,7.1767369483203,64.81870555555555,107.1
334,2019-11-01,101.5,0.113629596,1138.38,6.5,-8.72934075599595,-2.55090776874886,63.86711904761904,105.5,2019-11-01,101.5,0.303820559,1138.38,7.25,-2.07804210243322,3.80080416463292,63.86711904761904,109.5,2019-10-01,10899.36,-0.425530127,1249.29,7.5,-2.17397974189975,4.05982079189923,64.37499130434783,106.0,2019-09-01,11025.0,-0.266600472,1291.98,7.75,-1.61063989720671,6.99664838406849,64.958705,109.0,2019-08-01,10795.210000000001,-0.112383873,1278.48,7.75,-3.95414710348194,9.26199053821114,65.58748260869565,108.0,2019-07-01,104.3,0.185526979,1268.38,7.75,-2.78868801446979,6.86919828650613,63.22268181818181,101.6,2019-06-01,103.2,0.137494056,1326.34,7.75,-1.3858718793511,6.1669895890239,64.16905,106.3
335,2019-12-01,102.6,0.234380499,1305.75,6.25,-2.73893321041174,1.84966575180849,62.932538095238094,106.7,2019-12-01,102.6,0.113629596,1305.75,7.25,-4.8228546192006,-2.55090776874886,62.932538095238094,105.5,2019-11-01,10302.25,0.303820559,1138.38,7.25,-2.07804210243322,3.80080416463292,63.86711904761904,109.5,2019-10-01,10899.36,-0.425530127,1249.29,7.5,-2.17397974189975,4.05982079189923,64.37499130434783,106.0,2019-09-01,11025.0,-0.266600472,1291.98,7.75,-1.61063989720671,6.99664838406849,64.958705,109.0,2019-08-01,103.9,-0.112383873,1278.48,7.75,-3.95414710348194,9.26199053821114,65.58748260869565,108.0,2019-07-01,104.3,0.185526979,1268.38,7.75,-2.78868801446979,6.86919828650613,63.22268181818181,101.6
336,2020-01-01,101.6,0.314847379,1220.53,6.25,-15.1204213164421,-2.00234320578494,61.81214705882353,100.2,2020-01-01,101.6,0.234380499,1220.53,7.0,-8.72934075599595,1.84966575180849,61.81214705882353,106.7,2019-12-01,10526.759999999998,0.113629596,1305.75,7.25,-4.8228546192006,-2.55090776874886,62.932538095238094,105.5,2019-11-01,10302.25,0.303820559,1138.38,7.25,-2.07804210243322,3.80080416463292,63.86711904761904,109.5,2019-10-01,10899.36,-0.425530127,1249.29,7.5,-2.17397974189975,4.05982079189923,64.37499130434783,106.0,2019-09-01,105.0,-0.266600472,1291.98,7.75,-1.61063989720671,6.99664838406849,64.958705,109.0,2019-08-01,103.9,-0.112383873,1278.48,7.75,-3.95414710348194,9.26199053821114,65.58748260869565,108.0
337,2020-02-01,105.1,-0.005065133,1257.19,6.0,-7.17480329484111,3.90366680104958,63.97975,99.4,2020-02-01,105.1,0.314847379,1257.19,6.5,-2.73893321041174,-2.00234320578494,63.97975,100.2,2020-01-01,10322.56,0.234380499,1220.53,7.0,-8.72934075599595,1.84966575180849,61.81214705882353,106.7,2019-12-01,10526.759999999998,0.113629596,1305.75,7.25,-4.8228546192006,-2.55090776874886,62.932538095238094,105.5,2019-11-01,10302.25,0.303820559,1138.38,7.25,-2.07804210243322,3.80080416463292,63.86711904761904,109.5,2019-10-01,104.4,-0.425530127,1249.29,7.5,-2.17397974189975,4.05982079189923,64.37499130434783,106.0,2019-09-01,105.0,-0.266600472,1291.98,7.75,-1.61063989720671,6.99664838406849,64.958705,109.0
338,2020-03-01,102.8,-0.013883929,1187.69,6.0,-13.9387880872319,-11.7029804207936,73.71944210526316,106.6,2020-03-01,102.8,-0.005065133,1187.69,6.5,-15.1204213164421,3.90366680104958,73.71944210526316,99.4,2020-02-01,11046.009999999998,0.314847379,1257.19,6.5,-2.73893321041174,-2.00234320578494,63.97975,100.2,2020-01-01,10322.56,0.234380499,1220.53,7.0,-8.72934075599595,1.84966575180849,61.81214705882353,106.7,2019-12-01,10526.759999999998,0.113629596,1305.75,7.25,-4.8228546192006,-2.55090776874886,62.932538095238094,105.5,2019-11-01,101.5,0.303820559,1138.38,7.25,-2.07804210243322,3.80080416463292,63.86711904761904,109.5,2019-10-01,104.4,-0.425530127,1249.29,7.5,-2.17397974189975,4.05982079189923,64.37499130434783,106.0
339,2020-04-01,95.6,-1.40009461,1158.99,5.5,-30.3240673798647,-17.6806116100938,74.76353333333333,100.8,2020-04-01,95.6,-0.013883929,1158.99,6.25,-7.17480329484111,-11.7029804207936,74.76353333333333,106.6,2020-03-01,10567.84,-0.005065133,1187.69,6.5,-15.1204213164421,3.90366680104958,73.71944210526316,99.4,2020-02-01,11046.009999999998,0.314847379,1257.19,6.5,-2.73893321041174,-2.00234320578494,63.97975,100.2,2020-01-01,10322.56,0.234380499,1220.53,7.0,-8.72934075599595,1.84966575180849,61.81214705882353,106.7,2019-12-01,102.6,0.113629596,1305.75,7.25,-4.8228546192006,-2.55090776874886,62.932538095238094,105.5,2019-11-01,101.5,0.303820559,1138.38,7.25,-2.07804210243322,3.80080416463292,63.86711904761904,109.5
340,2020-05-01,92.3,-2.159193958,1069.47,5.5,-22.5914160348333,-6.585690040315,72.50029444444445,100.5,2020-05-01,92.3,-1.40009461,1069.47,6.25,-13.9387880872319,-17.6806116100938,72.50029444444445,100.8,2020-04-01,9139.359999999999,-0.013883929,1158.99,6.25,-7.17480329484111,-11.7029804207936,74.76353333333333,106.6,2020-03-01,10567.84,-0.005065133,1187.69,6.5,-15.1204213164421,3.90366680104958,73.71944210526316,99.4,2020-02-01,11046.009999999998,0.314847379,1257.19,6.5,-2.73893321041174,-2.00234320578494,63.97975,100.2,2020-01-01,101.6,0.234380499,1220.53,7.0,-8.72934075599595,1.84966575180849,61.81214705882353,106.7,2019-12-01,102.6,0.113629596,1305.75,7.25,-4.8228546192006,-2.55090776874886,62.932538095238094,105.5
341,2020-06-01,93.4,-2.593329415,1147.66,4.5,-8.99001086713974,3.81396983671573,69.196715,97.1,2020-06-01,93.4,-2.159193958,1147.66,6.0,-30.3240673798647,-6.585690040315,69.196715,100.5,2020-05-01,8519.289999999999,-1.40009461,1069.47,6.25,-13.9387880872319,-17.6806116100938,72.50029444444445,100.8,2020-04-01,9139.359999999999,-0.013883929,1158.99,6.25,-7.17480329484111,-11.7029804207936,74.76353333333333,106.6,2020-03-01,10567.84,-0.005065133,1187.69,6.5,-15.1204213164421,3.90366680104958,73.71944210526316,99.4,2020-02-01,105.1,0.314847379,1257.19,6.5,-2.73893321041174,-2.00234320578494,63.97975,100.2,2020-01-01,101.6,0.234380499,1220.53,7.0,-8.72934075599595,1.84966575180849,61.81214705882353,106.7
342,2020-07-01,94.4,-2.404199366,1326.22,4.25,-5.04276270895192,5.9931576465824,71.29407391304348,103.8,2020-07-01,94.4,-2.593329415,1326.22,6.0,-22.5914160348333,3.81396983671573,71.29407391304348,97.1,2020-06-01,8723.560000000001,-2.159193958,1147.66,6.0,-30.3240673798647,-6.585690040315,69.196715,100.5,2020-05-01,8519.289999999999,-1.40009461,1069.47,6.25,-13.9387880872319,-17.6806116100938,72.50029444444445,100.8,2020-04-01,9139.359999999999,-0.013883929,1158.99,6.25,-7.17480329484111,-11.7029804207936,74.76353333333333,106.6,2020-03-01,102.8,-0.005065133,1187.69,6.5,-15.1204213164421,3.90366680104958,73.71944210526316,99.4,2020-02-01,105.1,0.314847379,1257.19,6.5,-2.73893321041174,-2.00234320578494,63.97975,100.2
343,2020-08-01,96.1,-1.802763871,1303.8,4.25,-3.06784113613397,3.72055287380491,73.79810952380953,108.1,2020-08-01,96.1,-2.404199366,1303.8,5.5,-8.99001086713974,5.9931576465824,73.79810952380953,103.8,2020-07-01,8911.36,-2.593329415,1326.22,6.0,-22.5914160348333,3.81396983671573,71.29407391304348,97.1,2020-06-01,8723.560000000001,-2.159193958,1147.66,6.0,-30.3240673798647,-6.585690040315,69.196715,100.5,2020-05-01,8519.289999999999,-1.40009461,1069.47,6.25,-13.9387880872319,-17.6806116100938,72.50029444444445,100.8,2020-04-01,95.6,-0.013883929,1158.99,6.25,-7.17480329484111,-11.7029804207936,74.76353333333333,106.6,2020-03-01,102.8,-0.005065133,1187.69,6.5,-15.1204213164421,3.90366680104958,73.71944210526316,99.4
344,2020-09-01,96.5,-1.53896427699999,1256.76,4.25,-4.19236634002429,1.22256157856813,75.72798636363636,105.2,2020-09-01,96.5,-1.802763871,1256.76,5.5,-5.04276270895192,3.72055287380491,75.72798636363636,108.1,2020-08-01,9235.21,-2.404199366,1303.8,5.5,-8.99001086713974,5.9931576465824,73.79810952380953,103.8,2020-07-01,8911.36,-2.593329415,1326.22,6.0,-22.5914160348333,3.81396983671573,71.29407391304348,97.1,2020-06-01,8723.560000000001,-2.159193958,1147.66,6.0,-30.3240673798647,-6.585690040315,69.196715,100.5,2020-05-01,92.3,-1.40009461,1069.47,6.25,-13.9387880872319,-17.6806116100938,72.50029444444445,100.8,2020-04-01,95.6,-0.013883929,1158.99,6.25,-7.17480329484111,-11.7029804207936,74.76353333333333,106.6
345,2020-10-01,94.7,-0.94392439,1144.31,4.25,-5.86882647211775,-1.11870060710297,77.66354782608695,109.9,2020-10-01,94.7,-1.53896427699999,1144.31,4.5,-3.06784113613397,1.22256157856813,77.66354782608695,105.2,2020-09-01,9312.25,-1.802763871,1256.76,5.5,-5.04276270895192,3.72055287380491,75.72798636363636,108.1,2020-08-01,9235.21,-2.404199366,1303.8,5.5,-8.99001086713974,5.9931576465824,73.79810952380953,103.8,2020-07-01,8911.36,-2.593329415,1326.22,6.0,-22.5914160348333,3.81396983671573,71.29407391304348,97.1,2020-06-01,93.4,-2.159193958,1147.66,6.0,-30.3240673798647,-6.585690040315,69.196715,100.5,2020-05-01,92.3,-1.40009461,1069.47,6.25,-13.9387880872319,-17.6806116100938,72.50029444444445,100.8
346,2020-11-01,99.0,-0.89227994,1209.47,4.25,-10.2346576804066,-7.29420377067919,76.83946842105263,104.7,2020-11-01,99.0,-0.94392439,1209.47,4.25,-4.19236634002429,-1.11870060710297,76.83946842105263,109.9,2020-10-01,8968.09,-1.53896427699999,1144.31,4.5,-3.06784113613397,1.22256157856813,77.66354782608695,105.2,2020-09-01,9312.25,-1.802763871,1256.76,5.5,-5.04276270895192,3.72055287380491,75.72798636363636,108.1,2020-08-01,9235.21,-2.404199366,1303.8,5.5,-8.99001086713974,5.9931576465824,73.79810952380953,103.8,2020-07-01,94.4,-2.593329415,1326.22,6.0,-22.5914160348333,3.81396983671573,71.29407391304348,97.1,2020-06-01,93.4,-2.159193958,1147.66,6.0,-30.3240673798647,-6.585690040315,69.196715,100.5
347,2020-12-01,103.7,-0.306239578,1248.98,4.25,-1.42335532862281,0.409642932951698,74.2167043478261,107.0,2020-12-01,103.7,-0.89227994,1248.98,4.25,-5.86882647211775,-7.29420377067919,74.2167043478261,104.7,2020-11-01,9801.0,-0.94392439,1209.47,4.25,-4.19236634002429,-1.11870060710297,76.83946842105263,109.9,2020-10-01,8968.09,-1.53896427699999,1144.31,4.5,-3.06784113613397,1.22256157856813,77.66354782608695,105.2,2020-09-01,9312.25,-1.802763871,1256.76,5.5,-5.04276270895192,3.72055287380491,75.72798636363636,108.1,2020-08-01,96.1,-2.404199366,1303.8,5.5,-8.99001086713974,5.9931576465824,73.79810952380953,103.8,2020-07-01,94.4,-2.593329415,1326.22,6.0,-22.5914160348333,3.81396983671573,71.29407391304348,97.1
348,2021-01-01,98.2,-0.037475351,1340.27,4.25,-16.1021286535045,-3.10778430341978,74.392475,101.2,2021-01-01,98.2,-0.306239578,1340.27,4.25,-10.2346576804066,0.409642932951698,74.392475,107.0,2020-12-01,10753.69,-0.89227994,1248.98,4.25,-5.86882647211775,-7.29420377067919,74.2167043478261,104.7,2020-11-01,9801.0,-0.94392439,1209.47,4.25,-4.19236634002429,-1.11870060710297,76.83946842105263,109.9,2020-10-01,8968.09,-1.53896427699999,1144.31,4.5,-3.06784113613397,1.22256157856813,77.66354782608695,105.2,2020-09-01,96.5,-1.802763871,1256.76,5.5,-5.04276270895192,3.72055287380491,75.72798636363636,108.1,2020-08-01,96.1,-2.404199366,1303.8,5.5,-8.99001086713974,5.9931576465824,73.79810952380953,103.8
349,2021-02-01,97.3,0.415527554,1366.06,4.25,-5.29165538223694,8.30367057929035,74.3168157894737,96.7,2021-02-01,97.3,-0.037475351,1366.06,4.25,-1.42335532862281,-3.10778430341978,74.3168157894737,101.2,2021-01-01,9643.24,-0.306239578,1340.27,4.25,-10.2346576804066,0.409642932951698,74.392475,107.0,2020-12-01,10753.69,-0.89227994,1248.98,4.25,-5.86882647211775,-7.29420377067919,74.2167043478261,104.7,2020-11-01,9801.0,-0.94392439,1209.47,4.25,-4.19236634002429,-1.11870060710297,76.83946842105263,109.9,2020-10-01,94.7,-1.53896427699999,1144.31,4.5,-3.06784113613397,1.22256157856813,77.66354782608695,105.2,2020-09-01,96.5,-1.802763871,1256.76,5.5,-5.04276270895192,3.72055287380491,75.72798636363636,108.1
350,2021-03-01,102.8,0.805707533,1374.04,4.5,4.29182245393985,13.2280813418034,74.39713333333333,109.4,2021-03-01,102.8,0.415527554,1374.04,4.25,-16.1021286535045,8.30367057929035,74.39713333333333,96.7,2021-02-01,9467.289999999999,-0.037475351,1366.06,4.25,-1.42335532862281,-3.10778430341978,74.3168157894737,101.2,2021-01-01,9643.24,-0.306239578,1340.27,4.25,-10.2346576804066,0.409642932951698,74.392475,107.0,2020-12-01,10753.69,-0.89227994,1248.98,4.25,-5.86882647211775,-7.29420377067919,74.2167043478261,104.7,2020-11-01,99.0,-0.94392439,1209.47,4.25,-4.19236634002429,-1.11870060710297,76.83946842105263,109.9,2020-10-01,94.7,-1.53896427699999,1144.31,4.5,-3.06784113613397,1.22256157856813,77.66354782608695,105.2
351,2021-04-01,108.8,0.722062184,1302.87,5.0,3.66146635560484,8.43123940284343,76.14393181818183,107.8,2021-04-01,108.8,0.805707533,1302.87,4.25,-5.29165538223694,13.2280813418034,76.14393181818183,109.4,2021-03-01,10567.84,0.415527554,1374.04,4.25,-16.1021286535045,8.30367057929035,74.39713333333333,96.7,2021-02-01,9467.289999999999,-0.037475351,1366.06,4.25,-1.42335532862281,-3.10778430341978,74.3168157894737,101.2,2021-01-01,9643.24,-0.306239578,1340.27,4.25,-10.2346576804066,0.409642932951698,74.392475,107.0,2020-12-01,103.7,-0.89227994,1248.98,4.25,-5.86882647211775,-7.29420377067919,74.2167043478261,104.7,2020-11-01,99.0,-0.94392439,1209.47,4.25,-4.19236634002429,-1.11870060710297,76.83946842105263,109.9
352,2021-05-01,112.9,0.922148861,1252.73,5.0,1.72721757224125,8.9851315914581,74.00427368421053,110.9,2021-05-01,112.9,0.722062184,1252.73,4.25,4.29182245393985,8.43123940284343,74.00427368421053,107.8,2021-04-01,11837.439999999999,0.805707533,1302.87,4.25,-5.29165538223694,13.2280813418034,76.14393181818183,109.4,2021-03-01,10567.84,0.415527554,1374.04,4.25,-16.1021286535045,8.30367057929035,74.39713333333333,96.7,2021-02-01,9467.289999999999,-0.037475351,1366.06,4.25,-1.42335532862281,-3.10778430341978,74.3168157894737,101.2,2021-01-01,98.2,-0.306239578,1340.27,4.25,-10.2346576804066,0.409642932951698,74.392475,107.0,2020-12-01,103.7,-0.89227994,1248.98,4.25,-5.86882647211775,-7.29420377067919,74.2167043478261,104.7
353,2021-06-01,111.3,0.816343415999999,1391.6,5.5,3.60474978090087,9.21024776014571,72.61685714285714,107.0,2021-06-01,111.3,0.922148861,1391.6,4.25,3.66146635560484,8.9851315914581,72.61685714285714,110.9,2021-05-01,12746.410000000002,0.722062184,1252.73,4.25,4.29182245393985,8.43123940284343,74.00427368421053,107.8,2021-04-01,11837.439999999999,0.805707533,1302.87,4.25,-5.29165538223694,13.2280813418034,76.14393181818183,109.4,2021-03-01,10567.84,0.415527554,1374.04,4.25,-16.1021286535045,8.30367057929035,74.39713333333333,96.7,2021-02-01,97.3,-0.037475351,1366.06,4.25,-1.42335532862281,-3.10778430341978,74.3168157894737,101.2,2021-01-01,98.2,-0.306239578,1340.27,4.25,-10.2346576804066,0.409642932951698,74.392475,107.0
354,2021-07-01,107.7,1.392189327,1499.96,6.5,4.54925727070911,10.0241767591589,73.88989130434783,108.0,2021-07-01,107.7,0.816343415999999,1499.96,4.5,1.72721757224125,9.21024776014571,73.88989130434783,107.0,2021-06-01,12387.689999999999,0.922148861,1391.6,4.25,3.66146635560484,8.9851315914581,72.61685714285714,110.9,2021-05-01,12746.410000000002,0.722062184,1252.73,4.25,4.29182245393985,8.43123940284343,74.00427368421053,107.8,2021-04-01,11837.439999999999,0.805707533,1302.87,4.25,-5.29165538223694,13.2280813418034,76.14393181818183,109.4,2021-03-01,102.8,0.415527554,1374.04,4.25,-16.1021286535045,8.30367057929035,74.39713333333333,96.7,2021-02-01,97.3,-0.037475351,1366.06,4.25,-1.42335532862281,-3.10778430341978,74.3168157894737,101.2
355,2021-08-01,105.4,1.243501705,1601.49,6.5,5.21894966432388,8.84564462306514,73.58273333333334,109.0,2021-08-01,105.4,1.392189327,1601.49,5.0,3.60474978090087,10.0241767591589,73.58273333333334,108.0,2021-07-01,11599.29,0.816343415999999,1499.96,4.5,1.72721757224125,9.21024776014571,73.88989130434783,107.0,2021-06-01,12387.689999999999,0.922148861,1391.6,4.25,3.66146635560484,8.9851315914581,72.61685714285714,110.9,2021-05-01,12746.410000000002,0.722062184,1252.73,4.25,4.29182245393985,8.43123940284343,74.00427368421053,107.8,2021-04-01,108.8,0.805707533,1302.87,4.25,-5.29165538223694,13.2280813418034,76.14393181818183,109.4,2021-03-01,102.8,0.415527554,1374.04,4.25,-16.1021286535045,8.30367057929035,74.39713333333333,96.7
356,2021-09-01,107.8,1.04371663182114,1520.02,6.75,4.11939132570721,6.42752600891731,72.92621818181819,106.4,2021-09-01,107.8,1.243501705,1520.02,5.0,4.54925727070911,8.84564462306514,72.92621818181819,109.0,2021-08-01,11109.160000000002,1.392189327,1601.49,5.0,3.60474978090087,10.0241767591589,73.58273333333334,108.0,2021-07-01,11599.29,0.816343415999999,1499.96,4.5,1.72721757224125,9.21024776014571,73.88989130434783,107.0,2021-06-01,12387.689999999999,0.922148861,1391.6,4.25,3.66146635560484,8.9851315914581,72.61685714285714,110.9,2021-05-01,112.9,0.722062184,1252.73,4.25,4.29182245393985,8.43123940284343,74.00427368421053,107.8,2021-04-01,108.8,0.805707533,1302.87,4.25,-5.29165538223694,13.2280813418034,76.14393181818183,109.4
357,2021-10-01,108.2,0.9220681334709,1394.64,7.5,3.49013175934304,4.08060263674301,71.45009090909092,110.3,2021-10-01,108.2,1.04371663182114,1394.64,5.5,5.21894966432388,6.42752600891731,71.45009090909092,106.4,2021-09-01,11620.84,1.243501705,1520.02,5.0,4.54925727070911,8.84564462306514,72.92621818181819,109.0,2021-08-01,11109.160000000002,1.392189327,1601.49,5.0,3.60474978090087,10.0241767591589,73.58273333333334,108.0,2021-07-01,11599.29,0.816343415999999,1499.96,4.5,1.72721757224125,9.21024776014571,73.88989130434783,107.0,2021-06-01,111.3,0.922148861,1391.6,4.25,3.66146635560484,8.9851315914581,72.61685714285714,110.9,2021-05-01,112.9,0.722062184,1252.73,4.25,4.29182245393985,8.43123940284343,74.00427368421053,107.8
358,2021-11-01,107.8,0.318006472314193,1389.86,7.5,-0.291298768783176,-0.36320089688391,72.69891052631579,108.0,2021-11-01,107.8,0.9220681334709,1389.86,6.5,4.11939132570721,4.08060263674301,72.69891052631579,110.3,2021-10-01,11707.24,1.04371663182114,1394.64,5.5,5.21894966432388,6.42752600891731,71.45009090909092,106.4,2021-09-01,11620.84,1.243501705,1520.02,5.0,4.54925727070911,8.84564462306514,72.92621818181819,109.0,2021-08-01,11109.160000000002,1.392189327,1601.49,5.0,3.60474978090087,10.0241767591589,73.58273333333334,108.0,2021-07-01,107.7,0.816343415999999,1499.96,4.5,1.72721757224125,9.21024776014571,73.88989130434783,107.0,2021-06-01,111.3,0.922148861,1391.6,4.25,3.66146635560484,8.9851315914581,72.61685714285714,110.9
359,2021-12-01,107.5,0.0616358764406062,1427.49,8.5,4.68911055861077,2.74669353359261,73.76931304347826,108.4,2021-12-01,107.5,0.318006472314193,1427.49,6.5,3.49013175934304,-0.36320089688391,73.76931304347826,108.0,2021-11-01,11620.84,0.9220681334709,1389.86,6.5,4.11939132570721,4.08060263674301,72.69891052631579,110.3,2021-10-01,11707.24,1.04371663182114,1394.64,5.5,5.21894966432388,6.42752600891731,71.45009090909092,106.4,2021-09-01,11620.84,1.243501705,1520.02,5.0,4.54925727070911,8.84564462306514,72.92621818181819,109.0,2021-08-01,105.4,1.392189327,1601.49,5.0,3.60474978090087,10.0241767591589,73.58273333333334,108.0,2021-07-01,107.7,0.816343415999999,1499.96,4.5,1.72721757224125,9.21024776014571,73.88989130434783,107.0
360,2022-01-01,109.1,0.223207091489282,1424.68,8.5,-8.23877571605199,2.54518462759674,76.59474666666667,104.1,2022-01-01,109.1,0.0616358764406062,1424.68,6.75,-0.291298768783176,2.74669353359261,76.59474666666667,108.4,2021-12-01,11556.25,0.318006472314193,1427.49,6.5,3.49013175934304,-0.36320089688391,73.76931304347826,108.0,2021-11-01,11620.84,0.9220681334709,1389.86,6.5,4.11939132570721,4.08060263674301,72.69891052631579,110.3,2021-10-01,11707.24,1.04371663182114,1394.64,5.5,5.21894966432388,6.42752600891731,71.45009090909092,106.4,2021-09-01,107.8,1.243501705,1520.02,5.0,4.54925727070911,8.84564462306514,72.92621818181819,109.0,2021-08-01,105.4,1.392189327,1601.49,5.0,3.60474978090087,10.0241767591589,73.58273333333334,108.0
361,2022-02-01,106.6,-0.10673817676224,1470.18,20.0,-5.58280323000736,-2.08094139077105,77.16937368421053,105.4,2022-02-01,106.6,0.223207091489282,1470.18,7.5,4.68911055861077,2.54518462759674,77.16937368421053,104.1,2022-01-01,11902.81,0.0616358764406062,1424.68,6.75,-0.291298768783176,2.74669353359261,76.59474666666667,108.4,2021-12-01,11556.25,0.318006472314193,1427.49,6.5,3.49013175934304,-0.36320089688391,73.76931304347826,108.0,2021-11-01,11620.84,0.9220681334709,1389.86,6.5,4.11939132570721,4.08060263674301,72.69891052631579,110.3,2021-10-01,108.2,1.04371663182114,1394.64,5.5,5.21894966432388,6.42752600891731,71.45009090909092,106.4,2021-09-01,107.8,1.243501705,1520.02,5.0,4.54925727070911,8.84564462306514,72.92621818181819,109.0
362,2022-03-01,103.6,-0.144439509633056,1454.72,20.0,-2.60789410334775,2.43731851482053,103.47004545454546,106.7,2022-03-01,103.6,-0.10673817676224,1454.72,7.5,-8.23877571605199,-2.08094139077105,103.47004545454546,105.4,2022-02-01,11363.56,0.223207091489282,1470.18,7.5,4.68911055861077,2.54518462759674,77.16937368421053,104.1,2022-01-01,11902.81,0.0616358764406062,1424.68,6.75,-0.291298768783176,2.74669353359261,76.59474666666667,108.4,2021-12-01,11556.25,0.318006472314193,1427.49,6.5,3.49013175934304,-0.36320089688391,73.76931304347826,108.0,2021-11-01,107.8,0.9220681334709,1389.86,6.5,4.11939132570721,4.08060263674301,72.69891052631579,110.3,2021-10-01,108.2,1.04371663182114,1394.64,5.5,5.21894966432388,6.42752600891731,71.45009090909092,106.4
363,2022-04-01,98.3,-0.265622152419797,1423.96,17.0,-5.43283556097028,0.797435609794832,77.89918636363636,102.4,2022-04-01,98.3,-0.144439509633056,1423.96,8.5,-5.58280323000736,2.43731851482053,77.89918636363636,106.7,2022-03-01,10732.96,-0.10673817676224,1454.72,7.5,-8.23877571605199,-2.08094139077105,103.47004545454546,105.4,2022-02-01,11363.56,0.223207091489282,1470.18,7.5,4.68911055861077,2.54518462759674,77.16937368421053,104.1,2022-01-01,11902.81,0.0616358764406062,1424.68,6.75,-0.291298768783176,2.74669353359261,76.59474666666667,108.4,2021-12-01,107.5,0.318006472314193,1427.49,6.5,3.49013175934304,-0.36320089688391,73.76931304347826,108.0,2021-11-01,107.8,0.9220681334709,1389.86,6.5,4.11939132570721,4.08060263674301,72.69891052631579,110.3
364,2022-05-01,98.7,-0.364826854282305,1304.83,11.0,-8.37324226577194,1.4326011554156,63.312741176470595,104.6,2022-05-01,98.7,-0.265622152419797,1304.83,8.5,-2.60789410334775,0.797435609794832,63.312741176470595,102.4,2022-04-01,9662.89,-0.144439509633056,1423.96,8.5,-5.58280323000736,2.43731851482053,77.89918636363636,106.7,2022-03-01,10732.96,-0.10673817676224,1454.72,7.5,-8.23877571605199,-2.08094139077105,103.47004545454546,105.4,2022-02-01,11363.56,0.223207091489282,1470.18,7.5,4.68911055861077,2.54518462759674,77.16937368421053,104.1,2022-01-01,109.1,0.0616358764406062,1424.68,6.75,-0.291298768783176,2.74669353359261,76.59474666666667,108.4,2021-12-01,107.5,0.318006472314193,1427.49,6.5,3.49013175934304,-0.36320089688391,73.76931304347826,108.0
365,2022-06-01,98.8,-0.702043961537595,1327.52,9.5,-1.06936689333227,7.18271719483189,57.178557142857144,100.0,2022-06-01,98.8,-0.364826854282305,1327.52,20.0,-5.43283556097028,1.4326011554156,57.178557142857144,104.6,2022-05-01,9741.69,-0.265622152419797,1304.83,8.5,-2.60789410334775,0.797435609794832,63.312741176470595,102.4,2022-04-01,9662.89,-0.144439509633056,1423.96,8.5,-5.58280323000736,2.43731851482053,77.89918636363636,106.7,2022-03-01,10732.96,-0.10673817676224,1454.72,7.5,-8.23877571605199,-2.08094139077105,103.47004545454546,105.4,2022-02-01,106.6,0.223207091489282,1470.18,7.5,4.68911055861077,2.54518462759674,77.16937368421053,104.1,2022-01-01,109.1,0.0616358764406062,1424.68,6.75,-0.291298768783176,2.74669353359261,76.59474666666667,108.4
366,2022-07-01,100.6,-0.834286199496258,1490.83,8.0,2.38201841333526,9.04828642315994,58.221399999999996,102.1,2022-07-01,100.6,-0.702043961537595,1490.83,20.0,-8.37324226577194,7.18271719483189,58.221399999999996,100.0,2022-06-01,9761.439999999999,-0.364826854282305,1327.52,20.0,-5.43283556097028,1.4326011554156,57.178557142857144,104.6,2022-05-01,9741.69,-0.265622152419797,1304.83,8.5,-2.60789410334775,0.797435609794832,63.312741176470595,102.4,2022-04-01,9662.89,-0.144439509633056,1423.96,8.5,-5.58280323000736,2.43731851482053,77.89918636363636,106.7,2022-03-01,103.6,-0.10673817676224,1454.72,7.5,-8.23877571605199,-2.08094139077105,103.47004545454546,105.4,2022-02-01,106.6,0.223207091489282,1470.18,7.5,4.68911055861077,2.54518462759674,77.16937368421053,104.1
367,2022-08-01,100.9,-0.505984661885646,1583.97,8.0,5.15919063380513,9.78973338359333,60.391918181818184,103.6,2022-08-01,100.9,-0.834286199496258,1583.97,17.0,-1.06936689333227,9.04828642315994,60.391918181818184,102.1,2022-07-01,10120.359999999999,-0.702043961537595,1490.83,20.0,-8.37324226577194,7.18271719483189,58.221399999999996,100.0,2022-06-01,9761.439999999999,-0.364826854282305,1327.52,20.0,-5.43283556097028,1.4326011554156,57.178557142857144,104.6,2022-05-01,9741.69,-0.265622152419797,1304.83,8.5,-2.60789410334775,0.797435609794832,63.312741176470595,102.4,2022-04-01,98.3,-0.144439509633056,1423.96,8.5,-5.58280323000736,2.43731851482053,77.89918636363636,106.7,2022-03-01,103.6,-0.10673817676224,1454.72,7.5,-8.23877571605199,-2.08094139077105,103.47004545454546,105.4
368,2022-09-01,98.0,-0.3144209437976,1478.07,7.5,-0.484211677647669,3.24639958365819,59.82150000000001,100.8,2022-09-01,98.0,-0.505984661885646,1478.07,11.0,2.38201841333526,9.78973338359333,59.82150000000001,103.6,2022-08-01,10180.810000000001,-0.834286199496258,1583.97,17.0,-1.06936689333227,9.04828642315994,60.391918181818184,102.1,2022-07-01,10120.359999999999,-0.702043961537595,1490.83,20.0,-8.37324226577194,7.18271719483189,58.221399999999996,100.0,2022-06-01,9761.439999999999,-0.364826854282305,1327.52,20.0,-5.43283556097028,1.4326011554156,57.178557142857144,104.6,2022-05-01,98.7,-0.265622152419797,1304.83,8.5,-2.60789410334775,0.797435609794832,63.312741176470595,102.4,2022-04-01,98.3,-0.144439509633056,1423.96,8.5,-5.58280323000736,2.43731851482053,77.89918636363636,106.7
369,2022-10-01,98.5,-0.391226943937146,1429.82,7.5,-0.849726331236216,2.02383963945803,61.11584285714286,107.0,2022-10-01,98.5,-0.3144209437976,1429.82,9.5,5.15919063380513,3.24639958365819,61.11584285714286,100.8,2022-09-01,9604.0,-0.505984661885646,1478.07,11.0,2.38201841333526,9.78973338359333,59.82150000000001,103.6,2022-08-01,10180.810000000001,-0.834286199496258,1583.97,17.0,-1.06936689333227,9.04828642315994,60.391918181818184,102.1,2022-07-01,10120.359999999999,-0.702043961537595,1490.83,20.0,-8.37324226577194,7.18271719483189,58.221399999999996,100.0,2022-06-01,98.8,-0.364826854282305,1327.52,20.0,-5.43283556097028,1.4326011554156,57.178557142857144,104.6,2022-05-01,98.7,-0.265622152419797,1304.83,8.5,-2.60789410334775,0.797435609794832,63.312741176470595,102.4
370,2022-11-01,99.8,-0.794078236658376,1354.35,7.5,-0.740555393993838,-0.930250158407517,60.85299523809524,103.5,2022-11-01,99.8,-0.391226943937146,1354.35,8.0,-0.484211677647669,2.02383963945803,60.85299523809524,107.0,2022-10-01,9702.25,-0.3144209437976,1429.82,9.5,5.15919063380513,3.24639958365819,61.11584285714286,100.8,2022-09-01,9604.0,-0.505984661885646,1478.07,11.0,2.38201841333526,9.78973338359333,59.82150000000001,103.6,2022-08-01,10180.810000000001,-0.834286199496258,1583.97,17.0,-1.06936689333227,9.04828642315994,60.391918181818184,102.1,2022-07-01,100.6,-0.702043961537595,1490.83,20.0,-8.37324226577194,7.18271719483189,58.221399999999996,100.0,2022-06-01,98.8,-0.364826854282305,1327.52,20.0,-5.43283556097028,1.4326011554156,57.178557142857144,104.6
371,2022-12-01,97.8,-0.817975576643949,1579.98,7.5,0.418323723505376,1.78053680586709,65.81498695652174,102.7,2022-12-01,97.8,-0.794078236658376,1579.98,8.0,-0.849726331236216,-0.930250158407517,65.81498695652174,103.5,2022-11-01,9960.039999999999,-0.391226943937146,1354.35,8.0,-0.484211677647669,2.02383963945803,60.85299523809524,107.0,2022-10-01,9702.25,-0.3144209437976,1429.82,9.5,5.15919063380513,3.24639958365819,61.11584285714286,100.8,2022-09-01,9604.0,-0.505984661885646,1478.07,11.0,2.38201841333526,9.78973338359333,59.82150000000001,103.6,2022-08-01,100.9,-0.834286199496258,1583.97,17.0,-1.06936689333227,9.04828642315994,60.391918181818184,102.1,2022-07-01,100.6,-0.702043961537595,1490.83,20.0,-8.37324226577194,7.18271719483189,58.221399999999996,100.0
372,2023-01-01,97.1,-0.480049268448537,1557.91,7.5,-10.0805809951767,1.90232997671532,68.875975,99.2,2023-01-01,97.1,-0.817975576643949,1557.91,7.5,-0.740555393993838,1.78053680586709,68.875975,102.7,2022-12-01,9564.84,-0.794078236658376,1579.98,8.0,-0.849726331236216,-0.930250158407517,65.81498695652174,103.5,2022-11-01,9960.039999999999,-0.391226943937146,1354.35,8.0,-0.484211677647669,2.02383963945803,60.85299523809524,107.0,2022-10-01,9702.25,-0.3144209437976,1429.82,9.5,5.15919063380513,3.24639958365819,61.11584285714286,100.8,2022-09-01,98.0,-0.505984661885646,1478.07,11.0,2.38201841333526,9.78973338359333,59.82150000000001,103.6,2022-08-01,100.9,-0.834286199496258,1583.97,17.0,-1.06936689333227,9.04828642315994,60.391918181818184,102.1
373,2023-02-01,98.0,-0.273628107742536,1580.79,7.5,0.612332682374981,10.6674980485116,72.78275000000001,97.2,2023-02-01,98.0,-0.480049268448537,1580.79,7.5,0.418323723505376,1.90232997671532,72.78275000000001,99.2,2023-01-01,9428.409999999998,-0.817975576643949,1557.91,7.5,-0.740555393993838,1.78053680586709,68.875975,102.7,2022-12-01,9564.84,-0.794078236658376,1579.98,8.0,-0.849726331236216,-0.930250158407517,65.81498695652174,103.5,2022-11-01,9960.039999999999,-0.391226943937146,1354.35,8.0,-0.484211677647669,2.02383963945803,60.85299523809524,107.0,2022-10-01,98.5,-0.3144209437976,1429.82,9.5,5.15919063380513,3.24639958365819,61.11584285714286,100.8,2022-09-01,98.0,-0.505984661885646,1478.07,11.0,2.38201841333526,9.78973338359333,59.82150000000001,103.6
374,2023-03-01,100.7,0.0840832581336721,1596.29,7.5,6.14593578381345,14.2534103534567,76.10358636363637,109.1,2023-03-01,100.7,-0.273628107742536,1596.29,7.5,-10.0805809951767,10.6674980485116,76.10358636363637,97.2,2023-02-01,9604.0,-0.480049268448537,1580.79,7.5,0.418323723505376,1.90232997671532,72.78275000000001,99.2,2023-01-01,9428.409999999998,-0.817975576643949,1557.91,7.5,-0.740555393993838,1.78053680586709,68.875975,102.7,2022-12-01,9564.84,-0.794078236658376,1579.98,8.0,-0.849726331236216,-0.930250158407517,65.81498695652174,103.5,2022-11-01,99.8,-0.391226943937146,1354.35,8.0,-0.484211677647669,2.02383963945803,60.85299523809524,107.0,2022-10-01,98.5,-0.3144209437976,1429.82,9.5,5.15919063380513,3.24639958365819,61.11584285714286,100.8
375,2023-04-01,104.9,0.0011422213384214,1479.02,7.5,1.46594714172385,9.40569841139117,80.99554285714287,105.5,2023-04-01,104.9,0.0840832581336721,1479.02,7.5,0.612332682374981,14.2534103534567,80.99554285714287,109.1,2023-03-01,10140.49,-0.273628107742536,1596.29,7.5,-10.0805809951767,10.6674980485116,76.10358636363637,97.2,2023-02-01,9604.0,-0.480049268448537,1580.79,7.5,0.418323723505376,1.90232997671532,72.78275000000001,99.2,2023-01-01,9428.409999999998,-0.817975576643949,1557.91,7.5,-0.740555393993838,1.78053680586709,68.875975,102.7,2022-12-01,97.8,-0.794078236658376,1579.98,8.0,-0.849726331236216,-0.930250158407517,65.81498695652174,103.5,2022-11-01,99.8,-0.391226943937146,1354.35,8.0,-0.484211677647669,2.02383963945803,60.85299523809524,107.0
376,2023-05-01,106.5,0.496998797214917,1570.92,7.5,5.5184077916154,12.9579228407954,79.2125947368421,106.7,2023-05-01,106.5,0.0011422213384214,1570.92,7.5,6.14593578381345,9.40569841139117,79.2125947368421,105.5,2023-04-01,11004.010000000002,0.0840832581336721,1479.02,7.5,0.612332682374981,14.2534103534567,80.99554285714287,109.1,2023-03-01,10140.49,-0.273628107742536,1596.29,7.5,-10.0805809951767,10.6674980485116,76.10358636363637,97.2,2023-02-01,9604.0,-0.480049268448537,1580.79,7.5,0.418323723505376,1.90232997671532,72.78275000000001,99.2,2023-01-01,97.1,-0.817975576643949,1557.91,7.5,-0.740555393993838,1.78053680586709,68.875975,102.7,2022-12-01,97.8,-0.794078236658376,1579.98,8.0,-0.849726331236216,-0.930250158407517,65.81498695652174,103.5
377,2023-06-01,105.7,0.641249873820179,1579.7,7.5,6.40593200094433,12.629544688653,83.31933333333333,101.4,2023-06-01,105.7,0.496998797214917,1579.7,7.5,1.46594714172385,12.9579228407954,83.31933333333333,106.7,2023-05-01,11342.25,0.0011422213384214,1570.92,7.5,6.14593578381345,9.40569841139117,79.2125947368421,105.5,2023-04-01,11004.010000000002,0.0840832581336721,1479.02,7.5,0.612332682374981,14.2534103534567,80.99554285714287,109.1,2023-03-01,10140.49,-0.273628107742536,1596.29,7.5,-10.0805809951767,10.6674980485116,76.10358636363637,97.2,2023-02-01,98.0,-0.480049268448537,1580.79,7.5,0.418323723505376,1.90232997671532,72.78275000000001,99.2,2023-01-01,97.1,-0.817975576643949,1557.91,7.5,-0.740555393993838,1.78053680586709,68.875975,102.7
378,2023-07-01,105.0,0.462942009337296,1616.58,8.5,7.07590222445788,11.5255368383705,90.47404761904761,103.1,2023-07-01,105.0,0.641249873820179,1616.58,7.5,5.5184077916154,12.629544688653,90.47404761904761,101.4,2023-06-01,11172.49,0.496998797214917,1579.7,7.5,1.46594714172385,12.9579228407954,83.31933333333333,106.7,2023-05-01,11342.25,0.0011422213384214,1570.92,7.5,6.14593578381345,9.40569841139117,79.2125947368421,105.5,2023-04-01,11004.010000000002,0.0840832581336721,1479.02,7.5,0.612332682374981,14.2534103534567,80.99554285714287,109.1,2023-03-01,100.7,-0.273628107742536,1596.29,7.5,-10.0805809951767,10.6674980485116,76.10358636363637,97.2,2023-02-01,98.0,-0.480049268448537,1580.79,7.5,0.418323723505376,1.90232997671532,72.78275000000001,99.2
379,2023-08-01,105.6,0.60811180087446,1668.21,12.0,10.8120648908243,12.2684485136038,95.28534782608696,103.7,2023-08-01,105.6,0.462942009337296,1668.21,7.5,6.40593200094433,11.5255368383705,95.28534782608696,103.1,2023-07-01,11025.0,0.641249873820179,1616.58,7.5,5.5184077916154,12.629544688653,90.47404761904761,101.4,2023-06-01,11172.49,0.496998797214917,1579.7,7.5,1.46594714172385,12.9579228407954,83.31933333333333,106.7,2023-05-01,11342.25,0.0011422213384214,1570.92,7.5,6.14593578381345,9.40569841139117,79.2125947368421,105.5,2023-04-01,104.9,0.0840832581336721,1479.02,7.5,0.612332682374981,14.2534103534567,80.99554285714287,109.1,2023-03-01,100.7,-0.273628107742536,1596.29,7.5,-10.0805809951767,10.6674980485116,76.10358636363637,97.2
380,2023-09-01,105.7,0.243075136357314,1676.48,13.0,6.33895551948386,8.08575894542633,96.62225909090908,100.9,2023-09-01,105.7,0.60811180087446,1676.48,7.5,7.07590222445788,12.2684485136038,96.62225909090908,103.7,2023-08-01,11151.359999999999,0.462942009337296,1668.21,7.5,6.40593200094433,11.5255368383705,95.28534782608696,103.1,2023-07-01,11025.0,0.641249873820179,1616.58,7.5,5.5184077916154,12.629544688653,90.47404761904761,101.4,2023-06-01,11172.49,0.496998797214917,1579.7,7.5,1.46594714172385,12.9579228407954,83.31933333333333,106.7,2023-05-01,106.5,0.0011422213384214,1570.92,7.5,6.14593578381345,9.40569841139117,79.2125947368421,105.5,2023-04-01,104.9,0.0840832581336721,1479.02,7.5,0.612332682374981,14.2534103534567,80.99554285714287,109.1
381,2023-10-01,105.3,0.425871867856003,1595.4,15.0,3.11285412586923,5.78869847772756,97.12228095238095,103.3,2023-10-01,105.3,0.243075136357314,1595.4,7.5,10.8120648908243,8.08575894542633,97.12228095238095,100.9,2023-09-01,11172.49,0.60811180087446,1676.48,7.5,7.07590222445788,12.2684485136038,96.62225909090908,103.7,2023-08-01,11151.359999999999,0.462942009337296,1668.21,7.5,6.40593200094433,11.5255368383705,95.28534782608696,103.1,2023-07-01,11025.0,0.641249873820179,1616.58,7.5,5.5184077916154,12.629544688653,90.47404761904761,101.4,2023-06-01,105.7,0.496998797214917,1579.7,7.5,1.46594714172385,12.9579228407954,83.31933333333333,106.7,2023-05-01,106.5,0.0011422213384214,1570.92,7.5,6.14593578381345,9.40569841139117,79.2125947368421,105.5
382,2023-11-01,104.5,0.848449821584231,1562.07,15.0,-0.718335426908296,0.775447531728219,90.41279047619048,101.5,2023-11-01,104.5,0.425871867856003,1562.07,8.5,6.33895551948386,5.78869847772756,90.41279047619048,103.3,2023-10-01,11088.09,0.243075136357314,1595.4,7.5,10.8120648908243,8.08575894542633,97.12228095238095,100.9,2023-09-01,11172.49,0.60811180087446,1676.48,7.5,7.07590222445788,12.2684485136038,96.62225909090908,103.7,2023-08-01,11151.359999999999,0.462942009337296,1668.21,7.5,6.40593200094433,11.5255368383705,95.28534782608696,103.1,2023-07-01,105.0,0.641249873820179,1616.58,7.5,5.5184077916154,12.629544688653,90.47404761904761,101.4,2023-06-01,105.7,0.496998797214917,1579.7,7.5,1.46594714172385,12.9579228407954,83.31933333333333,106.7
383,2023-12-01,102.7,0.460260068853364,1604.72,16.0,4.82850086871859,3.00476952740161,90.81718636363637,100.7,2023-12-01,102.7,0.848449821584231,1604.72,12.0,3.11285412586923,0.775447531728219,90.81718636363637,101.5,2023-11-01,10920.25,0.425871867856003,1562.07,8.5,6.33895551948386,5.78869847772756,90.41279047619048,103.3,2023-10-01,11088.09,0.243075136357314,1595.4,7.5,10.8120648908243,8.08575894542633,97.12228095238095,100.9,2023-09-01,11172.49,0.60811180087446,1676.48,7.5,7.07590222445788,12.2684485136038,96.62225909090908,103.7,2023-08-01,105.6,0.462942009337296,1668.21,7.5,6.40593200094433,11.5255368383705,95.28534782608696,103.1,2023-07-01,105.0,0.641249873820179,1616.58,7.5,5.5184077916154,12.629544688653,90.47404761904761,101.4
384,2024-01-01,104.6,0.906250853613036,1642.73,16.0,-8.89574110255797,1.98929409421612,88.6802875,94.8,2024-01-01,104.6,0.460260068853364,1642.73,13.0,-0.718335426908296,3.00476952740161,88.6802875,100.7,2023-12-01,10547.29,0.848449821584231,1604.72,12.0,3.11285412586923,0.775447531728219,90.81718636363637,101.5,2023-11-01,10920.25,0.425871867856003,1562.07,8.5,6.33895551948386,5.78869847772756,90.41279047619048,103.3,2023-10-01,11088.09,0.243075136357314,1595.4,7.5,10.8120648908243,8.08575894542633,97.12228095238095,100.9,2023-09-01,105.7,0.60811180087446,1676.48,7.5,7.07590222445788,12.2684485136038,96.62225909090908,103.7,2023-08-01,105.6,0.462942009337296,1668.21,7.5,6.40593200094433,11.5255368383705,95.28534782608696,103.1
385,2024-02-01,108.5,0.862085588528884,1690.95,16.0,6.10196822320634,14.5622864056741,91.518255,95.9,2024-02-01,108.5,0.906250853613036,1690.95,15.0,4.82850086871859,1.98929409421612,91.518255,94.8,2024-01-01,10941.159999999998,0.460260068853364,1642.73,13.0,-0.718335426908296,3.00476952740161,88.6802875,100.7,2023-12-01,10547.29,0.848449821584231,1604.72,12.0,3.11285412586923,0.775447531728219,90.81718636363637,101.5,2023-11-01,10920.25,0.425871867856003,1562.07,8.5,6.33895551948386,5.78869847772756,90.41279047619048,103.3,2023-10-01,105.3,0.243075136357314,1595.4,7.5,10.8120648908243,8.08575894542633,97.12228095238095,100.9,2023-09-01,105.7,0.60811180087446,1676.48,7.5,7.07590222445788,12.2684485136038,96.62225909090908,103.7
386,2024-03-01,104.0,0.943880220956826,1642.56,16.0,8.78544676223355,16.5083544151939,91.73163333333333,105.3,2024-03-01,104.0,0.862085588528884,1642.56,15.0,-8.89574110255797,14.5622864056741,91.73163333333333,95.9,2024-02-01,11772.25,0.906250853613036,1690.95,15.0,4.82850086871859,1.98929409421612,91.518255,94.8,2024-01-01,10941.159999999998,0.460260068853364,1642.73,13.0,-0.718335426908296,3.00476952740161,88.6802875,100.7,2023-12-01,10547.29,0.848449821584231,1604.72,12.0,3.11285412586923,0.775447531728219,90.81718636363637,101.5,2023-11-01,104.5,0.425871867856003,1562.07,8.5,6.33895551948386,5.78869847772756,90.41279047619048,103.3,2023-10-01,105.3,0.243075136357314,1595.4,7.5,10.8120648908243,8.08575894542633,97.12228095238095,100.9
387,2024-04-01,103.9,1.42821001374225,1542.34,16.0,5.97522764804069,12.5450026761627,92.95856666666667,101.7,2024-04-01,103.9,0.943880220956826,1542.34,16.0,6.10196822320634,16.5083544151939,92.95856666666667,105.3,2024-03-01,10816.0,0.862085588528884,1642.56,15.0,-8.89574110255797,14.5622864056741,91.73163333333333,95.9,2024-02-01,11772.25,0.906250853613036,1690.95,15.0,4.82850086871859,1.98929409421612,91.518255,94.8,2024-01-01,10941.159999999998,0.460260068853364,1642.73,13.0,-0.718335426908296,3.00476952740161,88.6802875,100.7,2023-12-01,102.7,0.848449821584231,1604.72,12.0,3.11285412586923,0.775447531728219,90.81718636363637,101.5,2023-11-01,104.5,0.425871867856003,1562.07,8.5,6.33895551948386,5.78869847772756,90.41279047619048,103.3
