,rate,date
0,16.0,2024-04-06
1,16.0,2024-03-06
2,16.0,2024-05-31
3,16.0,2024-05-30
4,16.0,2024-05-29
5,16.0,2024-05-28
6,16.0,2024-05-27
7,16.0,2024-05-24
8,16.0,2024-05-23
9,16.0,2024-05-22
10,16.0,2024-05-21
11,16.0,2024-05-20
12,16.0,2024-05-17
13,16.0,2024-05-16
14,16.0,2024-05-15
15,16.0,2024-05-14
16,16.0,2024-05-13
17,16.0,2024-10-05
18,16.0,2024-08-05
19,16.0,2024-07-05
20,16.0,2024-06-05
21,16.0,2024-03-05
22,16.0,2024-02-05
23,16.0,2024-04-30
24,16.0,2024-04-29
25,16.0,2024-04-27
26,16.0,2024-04-26
27,16.0,2024-04-25
28,16.0,2024-04-24
29,16.0,2024-04-23
30,16.0,2024-04-22
31,16.0,2024-04-19
32,16.0,2024-04-18
33,16.0,2024-04-17
34,16.0,2024-04-16
35,16.0,2024-04-15
36,16.0,2024-12-04
37,16.0,2024-11-04
38,16.0,2024-10-04
39,16.0,2024-09-04
40,16.0,2024-08-04
41,16.0,2024-05-04
42,16.0,2024-04-04
43,16.0,2024-03-04
44,16.0,2024-02-04
45,16.0,2024-01-04
46,16.0,2024-03-29
47,16.0,2024-03-28
48,16.0,2024-03-27
49,16.0,2024-03-26
50,16.0,2024-03-25
51,16.0,2024-03-22
52,16.0,2024-03-21
53,16.0,2024-03-20
54,16.0,2024-03-19
55,16.0,2024-03-18
56,16.0,2024-03-15
57,16.0,2024-03-14
58,16.0,2024-03-13
59,16.0,2024-12-03
60,16.0,2024-11-03
61,16.0,2024-07-03
62,16.0,2024-06-03
63,16.0,2024-05-03
64,16.0,2024-04-03
65,16.0,2024-01-03
66,16.0,2024-02-29
67,16.0,2024-02-28
68,16.0,2024-02-27
69,16.0,2024-02-26
70,16.0,2024-02-22
71,16.0,2024-02-21
72,16.0,2024-02-20
73,16.0,2024-02-19
74,16.0,2024-02-16
75,16.0,2024-02-15
76,16.0,2024-02-14
77,16.0,2024-02-13
78,16.0,2024-12-02
79,16.0,2024-09-02
80,16.0,2024-08-02
81,16.0,2024-07-02
82,16.0,2024-06-02
83,16.0,2024-05-02
84,16.0,2024-02-02
85,16.0,2024-01-02
86,16.0,2024-01-31
87,16.0,2024-01-30
88,16.0,2024-01-29
89,16.0,2024-01-26
90,16.0,2024-01-25
91,16.0,2024-01-24
92,16.0,2024-01-23
93,16.0,2024-01-22
94,16.0,2024-01-19
95,16.0,2024-01-18
96,16.0,2024-01-17
97,16.0,2024-01-16
98,16.0,2024-01-15
99,16.0,2024-12-01
100,16.0,2024-11-01
101,16.0,2024-10-01
102,16.0,2024-09-01
103,16.0,2024-08-01
104,16.0,2024-05-01
105,16.0,2024-04-01
106,16.0,2024-03-01
107,16.0,2023-12-29
108,16.0,2023-12-28
109,16.0,2023-12-27
110,16.0,2023-12-26
111,16.0,2023-12-25
112,16.0,2023-12-22
113,16.0,2023-12-21
114,16.0,2023-12-20
115,16.0,2023-12-19
116,16.0,2023-12-18
117,15.0,2023-12-15
118,15.0,2023-12-14
119,15.0,2023-12-13
120,15.0,2023-12-12
121,15.0,2023-11-12
122,15.0,2023-08-12
123,15.0,2023-07-12
124,15.0,2023-06-12
125,15.0,2023-05-12
126,15.0,2023-04-12
127,15.0,2023-01-12
128,15.0,2023-11-30
129,15.0,2023-11-29
130,15.0,2023-11-28
131,15.0,2023-11-27
132,15.0,2023-11-24
133,15.0,2023-11-23
134,15.0,2023-11-22
135,15.0,2023-11-21
136,15.0,2023-11-20
137,15.0,2023-11-17
138,15.0,2023-11-16
139,15.0,2023-11-15
140,15.0,2023-11-14
141,15.0,2023-11-13
142,15.0,2023-10-11
143,15.0,2023-09-11
144,15.0,2023-08-11
145,15.0,2023-07-11
146,15.0,2023-06-11
147,15.0,2023-03-11
148,15.0,2023-02-11
149,15.0,2023-01-11
150,15.0,2023-10-31
151,15.0,2023-10-30
152,13.0,2023-10-27
153,13.0,2023-10-26
154,13.0,2023-10-25
155,13.0,2023-10-24
156,13.0,2023-10-23
157,13.0,2023-10-20
158,13.0,2023-10-19
159,13.0,2023-10-18
160,13.0,2023-10-17
161,13.0,2023-10-16
162,13.0,2023-10-13
163,13.0,2023-12-10
164,13.0,2023-11-10
165,13.0,2023-10-10
166,13.0,2023-09-10
167,13.0,2023-06-10
168,13.0,2023-05-10
169,13.0,2023-04-10
170,13.0,2023-03-10
171,13.0,2023-02-10
172,13.0,2023-09-29
173,13.0,2023-09-28
174,13.0,2023-09-27
175,13.0,2023-09-26
176,13.0,2023-09-25
177,13.0,2023-09-22
178,13.0,2023-09-21
179,13.0,2023-09-20
180,13.0,2023-09-19
181,13.0,2023-09-18
182,12.0,2023-09-15
183,12.0,2023-09-14
184,12.0,2023-09-13
185,12.0,2023-12-09
186,12.0,2023-11-09
187,12.0,2023-08-09
188,12.0,2023-07-09
189,12.0,2023-06-09
190,12.0,2023-05-09
191,12.0,2023-04-09
192,12.0,2023-01-09
193,12.0,2023-08-31
194,12.0,2023-08-30
195,12.0,2023-08-29
196,12.0,2023-08-28
197,12.0,2023-08-25
198,12.0,2023-08-24
199,12.0,2023-08-23
200,12.0,2023-08-22
201,12.0,2023-08-21
202,12.0,2023-08-18
203,12.0,2023-08-17
204,12.0,2023-08-16
205,12.0,2023-08-15
206,8.5,2023-08-14
207,8.5,2023-11-08
208,8.5,2023-10-08
209,8.5,2023-09-08
210,8.5,2023-08-08
211,8.5,2023-07-08
212,8.5,2023-04-08
213,8.5,2023-03-08
214,8.5,2023-02-08
215,8.5,2023-01-08
216,8.5,2023-07-31
217,8.5,2023-07-28
218,8.5,2023-07-27
219,8.5,2023-07-26
220,8.5,2023-07-25
221,8.5,2023-07-24
222,7.5,2023-07-21
223,7.5,2023-07-20
224,7.5,2023-07-19
225,7.5,2023-07-18
226,7.5,2023-07-17
227,7.5,2023-07-14
228,7.5,2023-07-13
229,7.5,2023-12-07
230,7.5,2023-11-07
231,7.5,2023-10-07
232,7.5,2023-07-07
233,7.5,2023-06-07
234,7.5,2023-05-07
235,7.5,2023-04-07
236,7.5,2023-03-07
237,7.5,2023-06-30
238,7.5,2023-06-29
239,7.5,2023-06-28
240,7.5,2023-06-27
241,7.5,2023-06-26
242,7.5,2023-06-23
243,7.5,2023-06-22
244,7.5,2023-06-21
245,7.5,2023-06-20
246,7.5,2023-06-19
247,7.5,2023-06-16
248,7.5,2023-06-15
249,7.5,2023-06-14
250,7.5,2023-06-13
251,7.5,2023-09-06
252,7.5,2023-08-06
253,7.5,2023-07-06
254,7.5,2023-06-06
255,7.5,2023-05-06
256,7.5,2023-02-06
257,7.5,2023-01-06
258,7.5,2023-05-31
259,7.5,2023-05-30
260,7.5,2023-05-29
261,7.5,2023-05-26
262,7.5,2023-05-25
263,7.5,2023-05-24
264,7.5,2023-05-23
265,7.5,2023-05-22
266,7.5,2023-05-19
267,7.5,2023-05-18
268,7.5,2023-05-17
269,7.5,2023-05-16
270,7.5,2023-05-15
271,7.5,2023-12-05
272,7.5,2023-11-05
273,7.5,2023-10-05
274,7.5,2023-08-05
275,7.5,2023-05-05
276,7.5,2023-04-05
277,7.5,2023-03-05
278,7.5,2023-02-05
279,7.5,2023-04-28
280,7.5,2023-04-27
281,7.5,2023-04-26
282,7.5,2023-04-25
283,7.5,2023-04-24
284,7.5,2023-04-21
285,7.5,2023-04-20
286,7.5,2023-04-19
287,7.5,2023-04-18
288,7.5,2023-04-17
289,7.5,2023-04-14
290,7.5,2023-04-13
291,7.5,2023-12-04
292,7.5,2023-11-04
293,7.5,2023-10-04
294,7.5,2023-07-04
295,7.5,2023-06-04
296,7.5,2023-05-04
297,7.5,2023-04-04
298,7.5,2023-03-04
299,7.5,2023-03-31
300,7.5,2023-03-30
301,7.5,2023-03-29
302,7.5,2023-03-28
303,7.5,2023-03-27
304,7.5,2023-03-24
305,7.5,2023-03-23
306,7.5,2023-03-22
307,7.5,2023-03-21
308,7.5,2023-03-20
309,7.5,2023-03-17
310,7.5,2023-03-16
311,7.5,2023-03-15
312,7.5,2023-03-14
313,7.5,2023-03-13
314,7.5,2023-10-03
315,7.5,2023-09-03
316,7.5,2023-07-03
317,7.5,2023-06-03
318,7.5,2023-03-03
319,7.5,2023-02-03
320,7.5,2023-01-03
321,7.5,2023-02-28
322,7.5,2023-02-27
323,7.5,2023-02-24
324,7.5,2023-02-22
325,7.5,2023-02-21
326,7.5,2023-02-20
327,7.5,2023-02-17
328,7.5,2023-02-16
329,7.5,2023-02-15
330,7.5,2023-02-14
331,7.5,2023-02-13
332,7.5,2023-10-02
333,7.5,2023-09-02
334,7.5,2023-08-02
335,7.5,2023-07-02
336,7.5,2023-06-02
337,7.5,2023-03-02
338,7.5,2023-02-02
339,7.5,2023-01-02
340,7.5,2023-01-31
341,7.5,2023-01-30
342,7.5,2023-01-27
343,7.5,2023-01-26
344,7.5,2023-01-25
345,7.5,2023-01-24
346,7.5,2023-01-23
347,7.5,2023-01-20
348,7.5,2023-01-19
349,7.5,2023-01-18
350,7.5,2023-01-17
351,7.5,2023-01-16
352,7.5,2023-01-13
353,7.5,2023-12-01
354,7.5,2023-11-01
355,7.5,2023-10-01
356,7.5,2023-09-01
357,7.5,2023-06-01
358,7.5,2023-05-01
359,7.5,2023-04-01
360,7.5,2023-03-01
361,7.5,2022-12-30
362,7.5,2022-12-29
363,7.5,2022-12-28
364,7.5,2022-12-27
365,7.5,2022-12-26
366,7.5,2022-12-23
367,7.5,2022-12-22
368,7.5,2022-12-21
369,7.5,2022-12-20
370,7.5,2022-12-19
371,7.5,2022-12-16
372,7.5,2022-12-15
373,7.5,2022-12-14
374,7.5,2022-12-13
375,7.5,2022-12-12
376,7.5,2022-09-12
377,7.5,2022-08-12
378,7.5,2022-07-12
379,7.5,2022-06-12
380,7.5,2022-05-12
381,7.5,2022-02-12
382,7.5,2022-01-12
383,7.5,2022-11-30
384,7.5,2022-11-29
385,7.5,2022-11-28
386,7.5,2022-11-25
387,7.5,2022-11-24
388,7.5,2022-11-23
389,7.5,2022-11-22
390,7.5,2022-11-21
391,7.5,2022-11-18
392,7.5,2022-11-17
393,7.5,2022-11-16
394,7.5,2022-11-15
395,7.5,2022-11-14
396,7.5,2022-11-11
397,7.5,2022-10-11
398,7.5,2022-09-11
399,7.5,2022-08-11
400,7.5,2022-07-11
401,7.5,2022-03-11
402,7.5,2022-02-11
403,7.5,2022-01-11
404,7.5,2022-10-31
405,7.5,2022-10-28
406,7.5,2022-10-27
407,7.5,2022-10-26
408,7.5,2022-10-25
409,7.5,2022-10-24
410,7.5,2022-10-21
411,7.5,2022-10-20
412,7.5,2022-10-19
413,7.5,2022-10-18
414,7.5,2022-10-17
415,7.5,2022-10-14
416,7.5,2022-10-13
417,7.5,2022-12-10
418,7.5,2022-11-10
419,7.5,2022-10-10
420,7.5,2022-07-10
421,7.5,2022-06-10
422,7.5,2022-05-10
423,7.5,2022-04-10
424,7.5,2022-03-10
425,7.5,2022-09-30
426,7.5,2022-09-29
427,7.5,2022-09-28
428,7.5,2022-09-27
429,7.5,2022-09-26
430,7.5,2022-09-23
431,7.5,2022-09-22
432,7.5,2022-09-21
433,7.5,2022-09-20
434,7.5,2022-09-19
435,8.0,2022-09-16
436,8.0,2022-09-15
437,8.0,2022-09-14
438,8.0,2022-09-13
439,8.0,2022-12-09
440,8.0,2022-09-09
441,8.0,2022-08-09
442,8.0,2022-07-09
443,8.0,2022-06-09
444,8.0,2022-05-09
445,8.0,2022-02-09
446,8.0,2022-01-09
447,8.0,2022-08-31
448,8.0,2022-08-30
449,8.0,2022-08-29
450,8.0,2022-08-26
451,8.0,2022-08-25
452,8.0,2022-08-24
453,8.0,2022-08-23
454,8.0,2022-08-22
455,8.0,2022-08-19
456,8.0,2022-08-18
457,8.0,2022-08-17
458,8.0,2022-08-16
459,8.0,2022-08-15
460,8.0,2022-12-08
461,8.0,2022-11-08
462,8.0,2022-10-08
463,8.0,2022-09-08
464,8.0,2022-08-08
465,8.0,2022-05-08
466,8.0,2022-04-08
467,8.0,2022-03-08
468,8.0,2022-02-08
469,8.0,2022-01-08
470,8.0,2022-07-29
471,8.0,2022-07-28
472,8.0,2022-07-27
473,8.0,2022-07-26
474,8.0,2022-07-25
475,9.5,2022-07-22
476,9.5,2022-07-21
477,9.5,2022-07-20
478,9.5,2022-07-19
479,9.5,2022-07-18
480,9.5,2022-07-15
481,9.5,2022-07-14
482,9.5,2022-07-13
483,9.5,2022-12-07
484,9.5,2022-11-07
485,9.5,2022-08-07
486,9.5,2022-07-07
487,9.5,2022-06-07
488,9.5,2022-05-07
489,9.5,2022-04-07
490,9.5,2022-01-07
491,9.5,2022-06-30
492,9.5,2022-06-29
493,9.5,2022-06-28
494,9.5,2022-06-27
495,9.5,2022-06-24
496,9.5,2022-06-23
497,9.5,2022-06-22
498,9.5,2022-06-21
499,9.5,2022-06-20
500,9.5,2022-06-17
501,9.5,2022-06-16
502,9.5,2022-06-15
503,9.5,2022-06-14
504,11.0,2022-10-06
505,11.0,2022-09-06
506,11.0,2022-08-06
507,11.0,2022-07-06
508,11.0,2022-06-06
509,11.0,2022-03-06
510,11.0,2022-02-06
511,11.0,2022-01-06
512,11.0,2022-05-31
513,11.0,2022-05-30
514,11.0,2022-05-27
515,14.0,2022-05-26
516,14.0,2022-05-25
517,14.0,2022-05-24
518,14.0,2022-05-23
519,14.0,2022-05-20
520,14.0,2022-05-19
521,14.0,2022-05-18
522,14.0,2022-05-17
523,14.0,2022-05-16
524,14.0,2022-05-13
525,14.0,2022-12-05
526,14.0,2022-11-05
527,14.0,2022-06-05
528,14.0,2022-05-05
529,14.0,2022-04-05
530,17.0,2022-04-29
531,17.0,2022-04-28
532,17.0,2022-04-27
533,17.0,2022-04-26
534,17.0,2022-04-25
535,17.0,2022-04-22
536,17.0,2022-04-21
537,17.0,2022-04-20
538,17.0,2022-04-19
539,17.0,2022-04-18
540,17.0,2022-04-15
541,17.0,2022-04-14
542,17.0,2022-04-13
543,17.0,2022-12-04
544,17.0,2022-11-04
545,20.0,2022-08-04
546,20.0,2022-07-04
547,20.0,2022-06-04
548,20.0,2022-05-04
549,20.0,2022-04-04
550,20.0,2022-01-04
551,20.0,2022-03-31
552,20.0,2022-03-30
553,20.0,2022-03-29
554,20.0,2022-03-28
555,20.0,2022-03-25
556,20.0,2022-03-24
557,20.0,2022-03-23
558,20.0,2022-03-22
559,20.0,2022-03-21
560,20.0,2022-03-18
561,20.0,2022-03-17
562,20.0,2022-03-16
563,20.0,2022-03-15
564,20.0,2022-03-14
565,20.0,2022-11-03
566,20.0,2022-10-03
567,20.0,2022-09-03
568,20.0,2022-05-03
569,20.0,2022-04-03
570,20.0,2022-03-03
571,20.0,2022-02-03
572,20.0,2022-01-03
573,20.0,2022-02-28
574,9.5,2022-02-25
575,9.5,2022-02-24
576,9.5,2022-02-23
577,9.5,2022-02-22
578,9.5,2022-02-21
579,9.5,2022-02-18
580,9.5,2022-02-17
581,9.5,2022-02-16
582,9.5,2022-02-15
583,9.5,2022-02-14
584,8.5,2022-11-02
585,8.5,2022-10-02
586,8.5,2022-09-02
587,8.5,2022-08-02
588,8.5,2022-07-02
589,8.5,2022-04-02
590,8.5,2022-03-02
591,8.5,2022-02-02
592,8.5,2022-01-02
593,8.5,2022-01-31
594,8.5,2022-01-28
595,8.5,2022-01-27
596,8.5,2022-01-26
597,8.5,2022-01-25
598,8.5,2022-01-24
599,8.5,2022-01-21
600,8.5,2022-01-20
601,8.5,2022-01-19
602,8.5,2022-01-18
603,8.5,2022-01-17
604,8.5,2022-01-14
605,8.5,2022-01-13
606,8.5,2022-12-01
607,8.5,2022-11-01
608,8.5,2022-10-01
609,8.5,2022-06-01
610,8.5,2022-05-01
611,8.5,2022-04-01
612,8.5,2022-03-01
613,8.5,2021-12-30
614,8.5,2021-12-29
615,8.5,2021-12-28
616,8.5,2021-12-27
617,8.5,2021-12-24
618,8.5,2021-12-23
619,8.5,2021-12-22
620,8.5,2021-12-21
621,8.5,2021-12-20
622,7.5,2021-12-17
623,7.5,2021-12-16
624,7.5,2021-12-15
625,7.5,2021-12-14
626,7.5,2021-12-13
627,7.5,2021-10-12
628,7.5,2021-09-12
629,7.5,2021-08-12
630,7.5,2021-07-12
631,7.5,2021-06-12
632,7.5,2021-03-12
633,7.5,2021-02-12
634,7.5,2021-01-12
635,7.5,2021-11-30
636,7.5,2021-11-29
637,7.5,2021-11-26
638,7.5,2021-11-25
639,7.5,2021-11-24
640,7.5,2021-11-23
641,7.5,2021-11-22
642,7.5,2021-11-19
643,7.5,2021-11-18
644,7.5,2021-11-17
645,7.5,2021-11-16
646,7.5,2021-11-15
647,7.5,2021-12-11
648,7.5,2021-11-11
649,7.5,2021-10-11
650,7.5,2021-09-11
651,7.5,2021-08-11
652,7.5,2021-05-11
653,7.5,2021-03-11
654,7.5,2021-02-11
655,7.5,2021-01-11
656,7.5,2021-10-29
657,7.5,2021-10-28
658,7.5,2021-10-27
659,7.5,2021-10-26
660,7.5,2021-10-25
661,6.75,2021-10-22
662,6.75,2021-10-21
663,6.75,2021-10-20
664,6.75,2021-10-19
665,6.75,2021-10-18
666,6.75,2021-10-15
667,6.75,2021-10-14
668,6.75,2021-10-13
669,6.75,2021-12-10
670,6.75,2021-11-10
671,6.75,2021-08-10
672,6.75,2021-07-10
673,6.75,2021-06-10
674,6.75,2021-05-10
675,6.75,2021-04-10
676,6.75,2021-01-10
677,6.75,2021-09-30
678,6.75,2021-09-29
679,6.75,2021-09-28
680,6.75,2021-09-27
681,6.75,2021-09-24
682,6.75,2021-09-23
683,6.75,2021-09-22
684,6.75,2021-09-21
685,6.75,2021-09-20
686,6.75,2021-09-17
687,6.75,2021-09-16
688,6.75,2021-09-15
689,6.75,2021-09-14
690,6.75,2021-09-13
691,6.5,2021-10-09
692,6.5,2021-09-09
693,6.5,2021-08-09
694,6.5,2021-07-09
695,6.5,2021-06-09
696,6.5,2021-03-09
697,6.5,2021-02-09
698,6.5,2021-01-09
699,6.5,2021-08-31
700,6.5,2021-08-30
701,6.5,2021-08-27
702,6.5,2021-08-26
703,6.5,2021-08-25
704,6.5,2021-08-24
705,6.5,2021-08-23
706,6.5,2021-08-20
707,6.5,2021-08-19
708,6.5,2021-08-18
709,6.5,2021-08-17
710,6.5,2021-08-16
711,6.5,2021-08-13
712,6.5,2021-12-08
713,6.5,2021-11-08
714,6.5,2021-10-08
715,6.5,2021-09-08
716,6.5,2021-06-08
717,6.5,2021-05-08
718,6.5,2021-04-08
719,6.5,2021-03-08
720,6.5,2021-02-08
721,6.5,2021-07-30
722,6.5,2021-07-29
723,6.5,2021-07-28
724,6.5,2021-07-27
725,6.5,2021-07-26
726,5.5,2021-07-23
727,5.5,2021-07-22
728,5.5,2021-07-21
729,5.5,2021-07-20
730,5.5,2021-07-19
731,5.5,2021-07-16
732,5.5,2021-07-15
733,5.5,2021-07-14
734,5.5,2021-07-13
735,5.5,2021-12-07
736,5.5,2021-09-07
737,5.5,2021-08-07
738,5.5,2021-07-07
739,5.5,2021-06-07
740,5.5,2021-05-07
741,5.5,2021-02-07
742,5.5,2021-01-07
743,5.5,2021-06-30
744,5.5,2021-06-29
745,5.5,2021-06-28
746,5.5,2021-06-25
747,5.5,2021-06-24
748,5.5,2021-06-23
749,5.5,2021-06-22
750,5.5,2021-06-21
751,5.5,2021-06-18
752,5.5,2021-06-17
753,5.5,2021-06-16
754,5.5,2021-06-15
755,5.0,2021-06-14
756,5.0,2021-11-06
757,5.0,2021-10-06
758,5.0,2021-09-06
759,5.0,2021-08-06
760,5.0,2021-07-06
761,5.0,2021-04-06
762,5.0,2021-03-06
763,5.0,2021-02-06
764,5.0,2021-01-06
765,5.0,2021-05-31
766,5.0,2021-05-28
767,5.0,2021-05-27
768,5.0,2021-05-26
769,5.0,2021-05-25
770,5.0,2021-05-24
771,5.0,2021-05-21
772,5.0,2021-05-20
773,5.0,2021-05-19
774,5.0,2021-05-18
775,5.0,2021-05-17
776,5.0,2021-05-14
777,5.0,2021-05-13
778,5.0,2021-12-05
779,5.0,2021-11-05
780,5.0,2021-07-05
781,5.0,2021-06-05
782,5.0,2021-05-05
783,5.0,2021-04-05
784,5.0,2021-04-30
785,5.0,2021-04-29
786,5.0,2021-04-28
787,5.0,2021-04-27
788,5.0,2021-04-26
789,4.5,2021-04-23
790,4.5,2021-04-22
791,4.5,2021-04-21
792,4.5,2021-04-20
793,4.5,2021-04-19
794,4.5,2021-04-16
795,4.5,2021-04-15
796,4.5,2021-04-14
797,4.5,2021-04-13
798,4.5,2021-12-04
799,4.5,2021-09-04
800,4.5,2021-08-04
801,4.5,2021-07-04
802,4.5,2021-06-04
803,4.5,2021-05-04
804,4.5,2021-02-04
805,4.5,2021-01-04
806,4.5,2021-03-31
807,4.5,2021-03-30
808,4.5,2021-03-29
809,4.5,2021-03-26
810,4.5,2021-03-25
811,4.5,2021-03-24
812,4.5,2021-03-23
813,4.5,2021-03-22
814,4.25,2021-03-19
815,4.25,2021-03-18
816,4.25,2021-03-17
817,4.25,2021-03-16
818,4.25,2021-03-15
819,4.25,2021-12-03
820,4.25,2021-11-03
821,4.25,2021-10-03
822,4.25,2021-09-03
823,4.25,2021-05-03
824,4.25,2021-04-03
825,4.25,2021-03-03
826,4.25,2021-02-03
827,4.25,2021-01-03
828,4.25,2021-02-26
829,4.25,2021-02-25
830,4.25,2021-02-24
831,4.25,2021-02-22
832,4.25,2021-02-20
833,4.25,2021-02-19
834,4.25,2021-02-18
835,4.25,2021-02-17
836,4.25,2021-02-16
837,4.25,2021-02-15
838,4.25,2021-12-02
839,4.25,2021-11-02
840,4.25,2021-10-02
841,4.25,2021-09-02
842,4.25,2021-08-02
843,4.25,2021-05-02
844,4.25,2021-04-02
845,4.25,2021-03-02
846,4.25,2021-02-02
847,4.25,2021-01-02
848,4.25,2021-01-29
849,4.25,2021-01-28
850,4.25,2021-01-27
851,4.25,2021-01-26
852,4.25,2021-01-25
853,4.25,2021-01-22
854,4.25,2021-01-21
855,4.25,2021-01-20
856,4.25,2021-01-19
857,4.25,2021-01-18
858,4.25,2021-01-15
859,4.25,2021-01-14
860,4.25,2021-01-13
861,4.25,2021-12-01
862,4.25,2021-11-01
863,4.25,2021-08-01
864,4.25,2021-06-01
865,4.25,2021-05-01
866,4.25,2021-04-01
867,4.25,2020-12-31
868,4.25,2020-12-30
869,4.25,2020-12-29
870,4.25,2020-12-28
871,4.25,2020-12-25
872,4.25,2020-12-24
873,4.25,2020-12-23
874,4.25,2020-12-22
875,4.25,2020-12-21
876,4.25,2020-12-18
877,4.25,2020-12-17
878,4.25,2020-12-16
879,4.25,2020-12-15
880,4.25,2020-12-14
881,4.25,2020-11-12
882,4.25,2020-10-12
883,4.25,2020-09-12
884,4.25,2020-08-12
885,4.25,2020-07-12
886,4.25,2020-04-12
887,4.25,2020-03-12
888,4.25,2020-02-12
889,4.25,2020-01-12
890,4.25,2020-11-30
891,4.25,2020-11-27
892,4.25,2020-11-26
893,4.25,2020-11-25
894,4.25,2020-11-24
895,4.25,2020-11-23
896,4.25,2020-11-20
897,4.25,2020-11-19
898,4.25,2020-11-18
899,4.25,2020-11-17
900,4.25,2020-11-16
901,4.25,2020-11-13
902,4.25,2020-12-11
903,4.25,2020-11-11
904,4.25,2020-10-11
905,4.25,2020-09-11
906,4.25,2020-06-11
907,4.25,2020-05-11
908,4.25,2020-03-11
909,4.25,2020-02-11
910,4.25,2020-10-30
911,4.25,2020-10-29
912,4.25,2020-10-28
913,4.25,2020-10-27
914,4.25,2020-10-26
915,4.25,2020-10-23
916,4.25,2020-10-22
917,4.25,2020-10-21
918,4.25,2020-10-20
919,4.25,2020-10-19
920,4.25,2020-10-16
921,4.25,2020-10-15
922,4.25,2020-10-14
923,4.25,2020-10-13
924,4.25,2020-12-10
925,4.25,2020-09-10
926,4.25,2020-08-10
927,4.25,2020-07-10
928,4.25,2020-06-10
929,4.25,2020-05-10
930,4.25,2020-02-10
931,4.25,2020-01-10
932,4.25,2020-09-30
933,4.25,2020-09-29
934,4.25,2020-09-28
935,4.25,2020-09-25
936,4.25,2020-09-24
937,4.25,2020-09-23
938,4.25,2020-09-22
939,4.25,2020-09-21
940,4.25,2020-09-18
941,4.25,2020-09-17
942,4.25,2020-09-16
943,4.25,2020-09-15
944,4.25,2020-09-14
945,4.25,2020-11-09
946,4.25,2020-10-09
947,4.25,2020-09-09
948,4.25,2020-08-09
949,4.25,2020-07-09
950,4.25,2020-04-09
951,4.25,2020-03-09
952,4.25,2020-02-09
953,4.25,2020-01-09
954,4.25,2020-08-31
955,4.25,2020-08-28
956,4.25,2020-08-27
957,4.25,2020-08-26
958,4.25,2020-08-25
959,4.25,2020-08-24
960,4.25,2020-08-21
961,4.25,2020-08-20
962,4.25,2020-08-19
963,4.25,2020-08-18
964,4.25,2020-08-17
965,4.25,2020-08-14
966,4.25,2020-08-13
967,4.25,2020-12-08
968,4.25,2020-11-08
969,4.25,2020-10-08
970,4.25,2020-07-08
971,4.25,2020-06-08
972,4.25,2020-05-08
973,4.25,2020-04-08
974,4.25,2020-03-08
975,4.25,2020-07-31
976,4.25,2020-07-30
977,4.25,2020-07-29
978,4.25,2020-07-28
979,4.25,2020-07-27
980,4.5,2020-07-24
981,4.5,2020-07-23
982,4.5,2020-07-22
983,4.5,2020-07-21
984,4.5,2020-07-20
985,4.5,2020-07-17
986,4.5,2020-07-16
987,4.5,2020-07-15
988,4.5,2020-07-14
989,4.5,2020-07-13
990,4.5,2020-10-07
991,4.5,2020-09-07
992,4.5,2020-08-07
993,4.5,2020-07-07
994,4.5,2020-06-07
995,4.5,2020-03-07
996,4.5,2020-02-07
997,4.5,2020-06-30
998,4.5,2020-06-29
999,4.5,2020-06-26
1000,4.5,2020-06-25
1001,4.5,2020-06-23
1002,4.5,2020-06-22
1003,5.5,2020-06-19
1004,5.5,2020-06-18
1005,5.5,2020-06-17
1006,5.5,2020-06-16
1007,5.5,2020-06-15
1008,5.5,2020-11-06
1009,5.5,2020-10-06
1010,5.5,2020-09-06
1011,5.5,2020-08-06
1012,5.5,2020-05-06
1013,5.5,2020-04-06
1014,5.5,2020-03-06
1015,5.5,2020-02-06
1016,5.5,2020-01-06
1017,5.5,2020-05-29
1018,5.5,2020-05-28
1019,5.5,2020-05-27
1020,5.5,2020-05-26
1021,5.5,2020-05-25
1022,5.5,2020-05-22
1023,5.5,2020-05-21
1024,5.5,2020-05-20
1025,5.5,2020-05-19
1026,5.5,2020-05-18
1027,5.5,2020-05-15
1028,5.5,2020-05-14
1029,5.5,2020-05-13
1030,5.5,2020-12-05
1031,5.5,2020-08-05
1032,5.5,2020-07-05
1033,5.5,2020-06-05
1034,5.5,2020-05-05
1035,5.5,2020-04-05
1036,5.5,2020-04-30
1037,5.5,2020-04-29
1038,5.5,2020-04-28
1039,5.5,2020-04-27
1040,6.0,2020-04-24
1041,6.0,2020-04-23
1042,6.0,2020-04-22
1043,6.0,2020-04-21
1044,6.0,2020-04-20
1045,6.0,2020-04-17
1046,6.0,2020-04-16
1047,6.0,2020-04-15
1048,6.0,2020-04-14
1049,6.0,2020-04-13
1050,6.0,2020-10-04
1051,6.0,2020-09-04
1052,6.0,2020-08-04
1053,6.0,2020-07-04
1054,6.0,2020-06-04
1055,6.0,2020-03-04
1056,6.0,2020-02-04
1057,6.0,2020-01-04
1058,6.0,2020-03-31
1059,6.0,2020-03-30
1060,6.0,2020-03-27
1061,6.0,2020-03-26
1062,6.0,2020-03-25
1063,6.0,2020-03-24
1064,6.0,2020-03-23
1065,6.0,2020-03-20
1066,6.0,2020-03-19
1067,6.0,2020-03-18
1068,6.0,2020-03-17
1069,6.0,2020-03-16
1070,6.0,2020-03-13
1071,6.0,2020-12-03
1072,6.0,2020-11-03
1073,6.0,2020-10-03
1074,6.0,2020-06-03
1075,6.0,2020-05-03
1076,6.0,2020-04-03
1077,6.0,2020-03-03
1078,6.0,2020-02-03
1079,6.0,2020-02-28
1080,6.0,2020-02-27
1081,6.0,2020-02-26
1082,6.0,2020-02-25
1083,6.0,2020-02-21
1084,6.0,2020-02-20
1085,6.0,2020-02-19
1086,6.0,2020-02-18
1087,6.0,2020-02-17
1088,6.0,2020-02-14
1089,6.0,2020-02-13
1090,6.0,2020-12-02
1091,6.0,2020-11-02
1092,6.0,2020-10-02
1093,6.25,2020-07-02
1094,6.25,2020-06-02
1095,6.25,2020-05-02
1096,6.25,2020-04-02
1097,6.25,2020-03-02
1098,6.25,2020-01-31
1099,6.25,2020-01-30
1100,6.25,2020-01-29
1101,6.25,2020-01-28
1102,6.25,2020-01-27
1103,6.25,2020-01-24
1104,6.25,2020-01-23
1105,6.25,2020-01-22
1106,6.25,2020-01-21
1107,6.25,2020-01-20
1108,6.25,2020-01-17
1109,6.25,2020-01-16
1110,6.25,2020-01-15
1111,6.25,2020-01-14
1112,6.25,2020-01-13
1113,6.25,2020-10-01
1114,6.25,2020-09-01
1115,6.25,2020-08-01
1116,6.25,2020-06-01
1117,6.25,2020-03-01
1118,6.25,2019-12-31
1119,6.25,2019-12-30
1120,6.25,2019-12-27
1121,6.25,2019-12-26
1122,6.25,2019-12-25
1123,6.25,2019-12-24
1124,6.25,2019-12-23
1125,6.25,2019-12-20
1126,6.25,2019-12-19
1127,6.25,2019-12-18
1128,6.25,2019-12-17
1129,6.25,2019-12-16
1130,6.5,2019-12-13
1131,6.5,2019-12-12
1132,6.5,2019-11-12
1133,6.5,2019-10-12
1134,6.5,2019-09-12
1135,6.5,2019-06-12
1136,6.5,2019-05-12
1137,6.5,2019-04-12
1138,6.5,2019-03-12
1139,6.5,2019-02-12
1140,6.5,2019-11-29
1141,6.5,2019-11-28
1142,6.5,2019-11-27
1143,6.5,2019-11-26
1144,6.5,2019-11-25
1145,6.5,2019-11-22
1146,6.5,2019-11-21
1147,6.5,2019-11-20
1148,6.5,2019-11-19
1149,6.5,2019-11-18
1150,6.5,2019-11-15
1151,6.5,2019-11-14
1152,6.5,2019-11-13
1153,6.5,2019-12-11
1154,6.5,2019-11-11
1155,6.5,2019-08-11
1156,6.5,2019-07-11
1157,6.5,2019-06-11
1158,6.5,2019-05-11
1159,6.5,2019-01-11
1160,6.5,2019-10-31
1161,6.5,2019-10-30
1162,6.5,2019-10-29
1163,6.5,2019-10-28
1164,7.0,2019-10-25
1165,7.0,2019-10-24
1166,7.0,2019-10-23
1167,7.0,2019-10-22
1168,7.0,2019-10-21
1169,7.0,2019-10-18
1170,7.0,2019-10-17
1171,7.0,2019-10-16
1172,7.0,2019-10-15
1173,7.0,2019-10-14
1174,7.0,2019-11-10
1175,7.0,2019-10-10
1176,7.0,2019-09-10
1177,7.0,2019-08-10
1178,7.0,2019-07-10
1179,7.0,2019-04-10
1180,7.0,2019-03-10
1181,7.0,2019-02-10
1182,7.0,2019-01-10
1183,7.0,2019-09-30
1184,7.0,2019-09-27
1185,7.0,2019-09-26
1186,7.0,2019-09-25
1187,7.0,2019-09-24
1188,7.0,2019-09-23
1189,7.0,2019-09-20
1190,7.0,2019-09-19
1191,7.0,2019-09-18
1192,7.0,2019-09-17
1193,7.0,2019-09-16
1194,7.0,2019-09-13
1195,7.0,2019-12-09
1196,7.0,2019-11-09
1197,7.0,2019-10-09
1198,7.0,2019-09-09
1199,7.25,2019-06-09
1200,7.25,2019-05-09
1201,7.25,2019-04-09
1202,7.25,2019-03-09
1203,7.25,2019-02-09
1204,7.25,2019-08-30
1205,7.25,2019-08-29
1206,7.25,2019-08-28
1207,7.25,2019-08-27
1208,7.25,2019-08-26
1209,7.25,2019-08-23
1210,7.25,2019-08-22
1211,7.25,2019-08-21
1212,7.25,2019-08-20
1213,7.25,2019-08-19
1214,7.25,2019-08-16
1215,7.25,2019-08-15
1216,7.25,2019-08-14
1217,7.25,2019-08-13
1218,7.25,2019-12-08
1219,7.25,2019-09-08
1220,7.25,2019-08-08
1221,7.25,2019-07-08
1222,7.25,2019-06-08
1223,7.25,2019-05-08
1224,7.25,2019-02-08
1225,7.25,2019-01-08
1226,7.25,2019-07-31
1227,7.25,2019-07-30
1228,7.25,2019-07-29
1229,7.5,2019-07-26
1230,7.5,2019-07-25
1231,7.5,2019-07-24
1232,7.5,2019-07-23
1233,7.5,2019-07-22
1234,7.5,2019-07-19
1235,7.5,2019-07-18
1236,7.5,2019-07-17
1237,7.5,2019-07-16
1238,7.5,2019-07-15
1239,7.5,2019-12-07
1240,7.5,2019-11-07
1241,7.5,2019-10-07
1242,7.5,2019-09-07
1243,7.5,2019-08-07
1244,7.5,2019-05-07
1245,7.5,2019-04-07
1246,7.5,2019-03-07
1247,7.5,2019-02-07
1248,7.5,2019-01-07
1249,7.5,2019-06-28
1250,7.5,2019-06-27
1251,7.5,2019-06-26
1252,7.5,2019-06-25
1253,7.5,2019-06-24
1254,7.5,2019-06-21
1255,7.5,2019-06-20
1256,7.5,2019-06-19
1257,7.5,2019-06-18
1258,7.5,2019-06-17
1259,7.75,2019-06-14
1260,7.75,2019-06-13
1261,7.75,2019-12-06
1262,7.75,2019-11-06
1263,7.75,2019-10-06
1264,7.75,2019-07-06
1265,7.75,2019-06-06
1266,7.75,2019-05-06
1267,7.75,2019-04-06
1268,7.75,2019-03-06
1269,7.75,2019-05-31
1270,7.75,2019-05-30
1271,7.75,2019-05-29
1272,7.75,2019-05-28
1273,7.75,2019-05-27
1274,7.75,2019-05-24
1275,7.75,2019-05-23
1276,7.75,2019-05-22
1277,7.75,2019-05-21
1278,7.75,2019-05-20
1279,7.75,2019-05-17
1280,7.75,2019-05-16
1281,7.75,2019-05-15
1282,7.75,2019-05-14
1283,7.75,2019-05-13
1284,7.75,2019-08-05
1285,7.75,2019-07-05
1286,7.75,2019-06-05
1287,7.75,2019-04-30
1288,7.75,2019-04-29
1289,7.75,2019-04-26
1290,7.75,2019-04-25
1291,7.75,2019-04-24
1292,7.75,2019-04-23
1293,7.75,2019-04-22
1294,7.75,2019-04-19
1295,7.75,2019-04-18
1296,7.75,2019-04-17
1297,7.75,2019-04-16
1298,7.75,2019-04-15
1299,7.75,2019-12-04
1300,7.75,2019-11-04
1301,7.75,2019-10-04
1302,7.75,2019-09-04
1303,7.75,2019-08-04
1304,7.75,2019-05-04
1305,7.75,2019-04-04
1306,7.75,2019-03-04
1307,7.75,2019-02-04
1308,7.75,2019-01-04
1309,7.75,2019-03-29
1310,7.75,2019-03-28
1311,7.75,2019-03-27
1312,7.75,2019-03-26
1313,7.75,2019-03-25
1314,7.75,2019-03-22
1315,7.75,2019-03-21
1316,7.75,2019-03-20
1317,7.75,2019-03-19
1318,7.75,2019-03-18
1319,7.75,2019-03-15
1320,7.75,2019-03-14
1321,7.75,2019-03-13
1322,7.75,2019-12-03
1323,7.75,2019-11-03
1324,7.75,2019-07-03
1325,7.75,2019-06-03
1326,7.75,2019-05-03
1327,7.75,2019-04-03
1328,7.75,2019-01-03
1329,7.75,2019-02-28
1330,7.75,2019-02-27
1331,7.75,2019-02-26
1332,7.75,2019-02-25
1333,7.75,2019-02-22
1334,7.75,2019-02-21
1335,7.75,2019-02-20
1336,7.75,2019-02-19
1337,7.75,2019-02-18
1338,7.75,2019-02-15
1339,7.75,2019-02-14
1340,7.75,2019-02-13
1341,7.75,2019-12-02
1342,7.75,2019-11-02
1343,7.75,2019-08-02
1344,7.75,2019-07-02
1345,7.75,2019-06-02
1346,7.75,2019-05-02
1347,7.75,2019-04-02
1348,7.75,2019-01-02
1349,7.75,2019-01-31
1350,7.75,2019-01-30
1351,7.75,2019-01-29
1352,7.75,2019-01-28
1353,7.75,2019-01-25
1354,7.75,2019-01-24
1355,7.75,2019-01-23
1356,7.75,2019-01-22
1357,7.75,2019-01-21
1358,7.75,2019-01-18
1359,7.75,2019-01-17
1360,7.75,2019-01-16
1361,7.75,2019-01-15
1362,7.75,2019-01-14
1363,7.75,2019-11-01
1364,7.75,2019-10-01
1365,7.75,2019-09-01
1366,7.75,2018-12-28
1367,7.75,2018-12-27
1368,7.75,2018-12-26
1369,7.75,2018-12-25
1370,7.75,2018-12-24
1371,7.75,2018-12-21
1372,7.75,2018-12-20
1373,7.75,2018-12-19
1374,7.75,2018-12-18
1375,7.75,2018-12-17
1376,7.5,2018-12-14
1377,7.5,2018-12-13
1378,7.5,2018-12-12
1379,7.5,2018-11-12
1380,7.5,2018-10-12
1381,7.5,2018-07-12
1382,7.5,2018-06-12
1383,7.5,2018-05-12
1384,7.5,2018-04-12
1385,7.5,2018-03-12
1386,7.5,2018-11-30
1387,7.5,2018-11-29
1388,7.5,2018-11-28
1389,7.5,2018-11-27
1390,7.5,2018-11-26
1391,7.5,2018-11-23
1392,7.5,2018-11-22
1393,7.5,2018-11-21
1394,7.5,2018-11-20
1395,7.5,2018-11-19
1396,7.5,2018-11-16
1397,7.5,2018-11-15
1398,7.5,2018-11-14
1399,7.5,2018-11-13
1400,7.5,2018-12-11
1401,7.5,2018-09-11
1402,7.5,2018-08-11
1403,7.5,2018-07-11
1404,7.5,2018-06-11
1405,7.5,2018-02-11
1406,7.5,2018-01-11
1407,7.5,2018-10-31
1408,7.5,2018-10-30
1409,7.5,2018-10-29
1410,7.5,2018-10-26
1411,7.5,2018-10-25
1412,7.5,2018-10-24
1413,7.5,2018-10-23
1414,7.5,2018-10-22
1415,7.5,2018-10-19
1416,7.5,2018-10-18
1417,7.5,2018-10-17
1418,7.5,2018-10-16
1419,7.5,2018-10-15
1420,7.5,2018-12-10
1421,7.5,2018-11-10
1422,7.5,2018-10-10
1423,7.5,2018-09-10
1424,7.5,2018-08-10
1425,7.5,2018-05-10
1426,7.5,2018-04-10
1427,7.5,2018-03-10
1428,7.5,2018-02-10
1429,7.5,2018-01-10
1430,7.5,2018-09-28
1431,7.5,2018-09-27
1432,7.5,2018-09-26
1433,7.5,2018-09-25
1434,7.5,2018-09-24
1435,7.5,2018-09-21
1436,7.5,2018-09-20
1437,7.5,2018-09-19
1438,7.5,2018-09-18
1439,7.5,2018-09-17
1440,7.25,2018-09-14
1441,7.25,2018-09-13
1442,7.25,2018-12-09
1443,7.25,2018-11-09
1444,7.25,2018-10-09
1445,7.25,2018-07-09
1446,7.25,2018-06-09
1447,7.25,2018-05-09
1448,7.25,2018-04-09
1449,7.25,2018-03-09
1450,7.25,2018-08-31
1451,7.25,2018-08-30
1452,7.25,2018-08-29
1453,7.25,2018-08-28
1454,7.25,2018-08-27
1455,7.25,2018-08-24
1456,7.25,2018-08-23
1457,7.25,2018-08-22
1458,7.25,2018-08-21
1459,7.25,2018-08-20
1460,7.25,2018-08-17
1461,7.25,2018-08-16
1462,7.25,2018-08-15
1463,7.25,2018-08-14
1464,7.25,2018-08-13
1465,7.25,2018-10-08
1466,7.25,2018-09-08
1467,7.25,2018-08-08
1468,7.25,2018-07-08
1469,7.25,2018-06-08
1470,7.25,2018-03-08
1471,7.25,2018-02-08
1472,7.25,2018-01-08
1473,7.25,2018-07-31
1474,7.25,2018-07-30
1475,7.25,2018-07-27
1476,7.25,2018-07-26
1477,7.25,2018-07-25
1478,7.25,2018-07-24
1479,7.25,2018-07-23
1480,7.25,2018-07-20
1481,7.25,2018-07-19
1482,7.25,2018-07-18
1483,7.25,2018-07-17
1484,7.25,2018-07-16
1485,7.25,2018-07-13
1486,7.25,2018-12-07
1487,7.25,2018-11-07
1488,7.25,2018-10-07
1489,7.25,2018-09-07
1490,7.25,2018-06-07
1491,7.25,2018-05-07
1492,7.25,2018-04-07
1493,7.25,2018-03-07
1494,7.25,2018-02-07
1495,7.25,2018-06-29
1496,7.25,2018-06-28
1497,7.25,2018-06-27
1498,7.25,2018-06-26
1499,7.25,2018-06-25
1500,7.25,2018-06-22
1501,7.25,2018-06-21
1502,7.25,2018-06-20
1503,7.25,2018-06-19
1504,7.25,2018-06-18
1505,7.25,2018-06-15
1506,7.25,2018-06-14
1507,7.25,2018-06-13
1508,7.25,2018-09-06
1509,7.25,2018-08-06
1510,7.25,2018-07-06
1511,7.25,2018-06-06
1512,7.25,2018-05-06
1513,7.25,2018-04-06
1514,7.25,2018-01-06
1515,7.25,2018-05-31
1516,7.25,2018-05-30
1517,7.25,2018-05-29
1518,7.25,2018-05-28
1519,7.25,2018-05-25
1520,7.25,2018-05-24
1521,7.25,2018-05-23
1522,7.25,2018-05-22
1523,7.25,2018-05-21
1524,7.25,2018-05-18
1525,7.25,2018-05-17
1526,7.25,2018-05-16
1527,7.25,2018-05-15
1528,7.25,2018-05-14
1529,7.25,2018-11-05
1530,7.25,2018-10-05
1531,7.25,2018-08-05
1532,7.25,2018-07-05
1533,7.25,2018-04-05
1534,7.25,2018-03-05
1535,7.25,2018-04-28
1536,7.25,2018-04-27
1537,7.25,2018-04-26
1538,7.25,2018-04-25
1539,7.25,2018-04-24
1540,7.25,2018-04-23
1541,7.25,2018-04-20
1542,7.25,2018-04-19
1543,7.25,2018-04-18
1544,7.25,2018-04-17
1545,7.25,2018-04-16
1546,7.25,2018-04-13
1547,7.25,2018-12-04
1548,7.25,2018-11-04
1549,7.25,2018-10-04
1550,7.25,2018-09-04
1551,7.25,2018-06-04
1552,7.25,2018-05-04
1553,7.25,2018-04-04
1554,7.25,2018-03-04
1555,7.25,2018-02-04
1556,7.25,2018-03-30
1557,7.25,2018-03-29
1558,7.25,2018-03-28
1559,7.25,2018-03-27
1560,7.25,2018-03-26
1561,7.5,2018-03-23
1562,7.5,2018-03-22
1563,7.5,2018-03-21
1564,7.5,2018-03-20
1565,7.5,2018-03-19
1566,7.5,2018-03-16
1567,7.5,2018-03-15
1568,7.5,2018-03-14
1569,7.5,2018-03-13
1570,7.5,2018-12-03
1571,7.5,2018-07-03
1572,7.5,2018-06-03
1573,7.5,2018-05-03
1574,7.5,2018-02-03
1575,7.5,2018-01-03
1576,7.5,2018-02-28
1577,7.5,2018-02-27
1578,7.5,2018-02-26
1579,7.5,2018-02-22
1580,7.5,2018-02-21
1581,7.5,2018-02-20
1582,7.5,2018-02-19
1583,7.5,2018-02-16
1584,7.5,2018-02-15
1585,7.5,2018-02-14
1586,7.5,2018-02-13
1587,7.5,2018-12-02
1588,7.75,2018-09-02
1589,7.75,2018-08-02
1590,7.75,2018-07-02
1591,7.75,2018-06-02
1592,7.75,2018-05-02
1593,7.75,2018-02-02
1594,7.75,2018-01-02
1595,7.75,2018-01-31
1596,7.75,2018-01-30
1597,7.75,2018-01-29
1598,7.75,2018-01-26
1599,7.75,2018-01-25
1600,7.75,2018-01-24
1601,7.75,2018-01-23
1602,7.75,2018-01-22
1603,7.75,2018-01-19
1604,7.75,2018-01-18
1605,7.75,2018-01-17
1606,7.75,2018-01-16
1607,7.75,2018-01-15
1608,7.75,2018-12-01
1609,7.75,2018-11-01
1610,7.75,2018-10-01
1611,7.75,2018-09-01
1612,7.75,2017-12-29
1613,7.75,2017-12-28
1614,7.75,2017-12-27
1615,7.75,2017-12-26
1616,7.75,2017-12-25
1617,7.75,2017-12-22
1618,7.75,2017-12-21
1619,7.75,2017-12-20
1620,7.75,2017-12-19
1621,7.75,2017-12-18
1622,8.25,2017-12-15
1623,8.25,2017-12-14
1624,8.25,2017-12-13
1625,8.25,2017-12-12
1626,8.25,2017-11-12
1627,8.25,2017-08-12
1628,8.25,2017-07-12
1629,8.25,2017-06-12
1630,8.25,2017-05-12
1631,8.25,2017-04-12
1632,8.25,2017-01-12
1633,8.25,2017-11-30
1634,8.25,2017-11-29
1635,8.25,2017-11-28
1636,8.25,2017-11-27
1637,8.25,2017-11-24
1638,8.25,2017-11-23
1639,8.25,2017-11-22
1640,8.25,2017-11-21
1641,8.25,2017-11-20
1642,8.25,2017-11-17
1643,8.25,2017-11-16
1644,8.25,2017-11-15
1645,8.25,2017-11-14
1646,8.25,2017-11-13
1647,8.25,2017-10-11
1648,8.25,2017-09-11
1649,8.25,2017-08-11
1650,8.25,2017-07-11
1651,8.25,2017-03-11
1652,8.25,2017-02-11
1653,8.25,2017-01-11
1654,8.25,2017-10-31
1655,8.25,2017-10-30
1656,8.5,2017-10-27
1657,8.5,2017-10-26
1658,8.5,2017-10-25
1659,8.5,2017-10-24
1660,8.5,2017-10-23
1661,8.5,2017-10-20
1662,8.5,2017-10-19
1663,8.5,2017-10-18
1664,8.5,2017-10-17
1665,8.5,2017-10-16
1666,8.5,2017-10-13
1667,8.5,2017-12-10
1668,8.5,2017-11-10
1669,8.5,2017-10-10
1670,8.5,2017-09-10
1671,8.5,2017-06-10
1672,8.5,2017-05-10
1673,8.5,2017-04-10
1674,8.5,2017-03-10
1675,8.5,2017-02-10
1676,8.5,2017-09-29
1677,8.5,2017-09-28
1678,8.5,2017-09-27
1679,8.5,2017-09-26
1680,8.5,2017-09-25
1681,8.5,2017-09-22
1682,8.5,2017-09-21
1683,8.5,2017-09-20
1684,8.5,2017-09-19
1685,8.5,2017-09-18
1686,9.0,2017-09-15
1687,9.0,2017-09-14
1688,9.0,2017-09-13
1689,9.0,2017-12-09
1690,9.0,2017-11-09
1691,9.0,2017-08-09
1692,9.0,2017-07-09
1693,9.0,2017-06-09
1694,9.0,2017-05-09
1695,9.0,2017-04-09
1696,9.0,2017-01-09
1697,9.0,2017-08-31
1698,9.0,2017-08-30
1699,9.0,2017-08-29
1700,9.0,2017-08-28
1701,9.0,2017-08-25
1702,9.0,2017-08-24
1703,9.0,2017-08-23
1704,9.0,2017-08-22
1705,9.0,2017-08-21
1706,9.0,2017-08-18
1707,9.0,2017-08-17
1708,9.0,2017-08-16
1709,9.0,2017-08-15
1710,9.0,2017-08-14
1711,9.0,2017-11-08
1712,9.0,2017-10-08
1713,9.0,2017-09-08
1714,9.0,2017-08-08
1715,9.0,2017-07-08
1716,9.0,2017-04-08
1717,9.0,2017-03-08
1718,9.0,2017-02-08
1719,9.0,2017-01-08
1720,9.0,2017-07-31
1721,9.0,2017-07-28
1722,9.0,2017-07-27
1723,9.0,2017-07-26
1724,9.0,2017-07-25
1725,9.0,2017-07-24
1726,9.0,2017-07-21
1727,9.0,2017-07-20
1728,9.0,2017-07-19
1729,9.0,2017-07-18
1730,9.0,2017-07-17
1731,9.0,2017-07-14
1732,9.0,2017-07-13
1733,9.0,2017-12-07
1734,9.0,2017-11-07
1735,9.0,2017-10-07
1736,9.0,2017-07-07
1737,9.0,2017-06-07
1738,9.0,2017-05-07
1739,9.0,2017-04-07
1740,9.0,2017-03-07
1741,9.0,2017-06-30
1742,9.0,2017-06-29
1743,9.0,2017-06-28
1744,9.0,2017-06-27
1745,9.0,2017-06-26
1746,9.0,2017-06-23
1747,9.0,2017-06-22
1748,9.0,2017-06-21
1749,9.0,2017-06-20
1750,9.0,2017-06-19
1751,9.25,2017-06-16
1752,9.25,2017-06-15
1753,9.25,2017-06-14
1754,9.25,2017-06-13
1755,9.25,2017-09-06
1756,9.25,2017-08-06
1757,9.25,2017-07-06
1758,9.25,2017-06-06
1759,9.25,2017-05-06
1760,9.25,2017-02-06
1761,9.25,2017-01-06
1762,9.25,2017-05-31
1763,9.25,2017-05-30
1764,9.25,2017-05-29
1765,9.25,2017-05-26
1766,9.25,2017-05-25
1767,9.25,2017-05-24
1768,9.25,2017-05-23
1769,9.25,2017-05-22
1770,9.25,2017-05-19
1771,9.25,2017-05-18
1772,9.25,2017-05-17
1773,9.25,2017-05-16
1774,9.25,2017-05-15
1775,9.25,2017-12-05
1776,9.25,2017-11-05
1777,9.25,2017-10-05
1778,9.25,2017-05-05
1779,9.25,2017-04-05
1780,9.25,2017-03-05
1781,9.25,2017-02-05
1782,9.75,2017-04-28
1783,9.75,2017-04-27
1784,9.75,2017-04-26
1785,9.75,2017-04-25
1786,9.75,2017-04-24
1787,9.75,2017-04-21
1788,9.75,2017-04-20
1789,9.75,2017-04-19
1790,9.75,2017-04-18
1791,9.75,2017-04-17
1792,9.75,2017-04-14
1793,9.75,2017-04-13
1794,9.75,2017-12-04
1795,9.75,2017-11-04
1796,9.75,2017-10-04
1797,9.75,2017-07-04
1798,9.75,2017-06-04
1799,9.75,2017-05-04
1800,9.75,2017-04-04
1801,9.75,2017-03-04
1802,9.75,2017-03-31
1803,9.75,2017-03-30
1804,9.75,2017-03-29
1805,9.75,2017-03-28
1806,9.75,2017-03-27
1807,10.0,2017-03-24
1808,10.0,2017-03-23
1809,10.0,2017-03-22
1810,10.0,2017-03-21
1811,10.0,2017-03-20
1812,10.0,2017-03-17
1813,10.0,2017-03-16
1814,10.0,2017-03-15
1815,10.0,2017-03-14
1816,10.0,2017-03-13
1817,10.0,2017-10-03
1818,10.0,2017-09-03
1819,10.0,2017-07-03
1820,10.0,2017-06-03
1821,10.0,2017-03-03
1822,10.0,2017-02-03
1823,10.0,2017-01-03
1824,10.0,2017-02-28
1825,10.0,2017-02-27
1826,10.0,2017-02-22
1827,10.0,2017-02-21
1828,10.0,2017-02-20
1829,10.0,2017-02-17
1830,10.0,2017-02-16
1831,10.0,2017-02-15
1832,10.0,2017-02-14
1833,10.0,2017-02-13
1834,10.0,2017-10-02
1835,10.0,2017-09-02
1836,10.0,2017-08-02
1837,10.0,2017-07-02
1838,10.0,2017-06-02
1839,10.0,2017-03-02
1840,10.0,2017-02-02
1841,10.0,2017-01-02
1842,10.0,2017-01-31
1843,10.0,2017-01-30
1844,10.0,2017-01-27
1845,10.0,2017-01-26
1846,10.0,2017-01-25
1847,10.0,2017-01-24
1848,10.0,2017-01-23
1849,10.0,2017-01-20
1850,10.0,2017-01-19
1851,10.0,2017-01-18
1852,10.0,2017-01-17
1853,10.0,2017-01-16
1854,10.0,2017-01-13
1855,10.0,2017-12-01
1856,10.0,2017-11-01
1857,10.0,2017-10-01
1858,10.0,2017-09-01
1859,10.0,2016-12-30
1860,10.0,2016-12-29
1861,10.0,2016-12-28
1862,10.0,2016-12-27
1863,10.0,2016-12-26
1864,10.0,2016-12-23
1865,10.0,2016-12-22
1866,10.0,2016-12-21
1867,10.0,2016-12-20
1868,10.0,2016-12-19
1869,10.0,2016-12-16
1870,10.0,2016-12-15
1871,10.0,2016-12-14
1872,10.0,2016-12-13
1873,10.0,2016-12-12
1874,10.0,2016-09-12
1875,10.0,2016-08-12
1876,10.0,2016-07-12
1877,10.0,2016-06-12
1878,10.0,2016-05-12
1879,10.0,2016-02-12
1880,10.0,2016-01-12
1881,10.0,2016-11-30
1882,10.0,2016-11-29
1883,10.0,2016-11-28
1884,10.0,2016-11-25
1885,10.0,2016-11-24
1886,10.0,2016-11-23
1887,10.0,2016-11-22
1888,10.0,2016-11-21
1889,10.0,2016-11-18
1890,10.0,2016-11-17
1891,10.0,2016-11-16
1892,10.0,2016-11-15
1893,10.0,2016-11-14
1894,10.0,2016-11-11
1895,10.0,2016-10-11
1896,10.0,2016-09-11
1897,10.0,2016-08-11
1898,10.0,2016-07-11
1899,10.0,2016-03-11
1900,10.0,2016-02-11
1901,10.0,2016-01-11
1902,10.0,2016-10-31
1903,10.0,2016-10-28
1904,10.0,2016-10-27
1905,10.0,2016-10-26
1906,10.0,2016-10-25
1907,10.0,2016-10-24
1908,10.0,2016-10-21
1909,10.0,2016-10-20
1910,10.0,2016-10-19
1911,10.0,2016-10-18
1912,10.0,2016-10-17
1913,10.0,2016-10-14
1914,10.0,2016-10-13
1915,10.0,2016-12-10
1916,10.0,2016-11-10
1917,10.0,2016-10-10
1918,10.0,2016-07-10
1919,10.0,2016-06-10
1920,10.0,2016-05-10
1921,10.0,2016-04-10
1922,10.0,2016-03-10
1923,10.0,2016-09-30
1924,10.0,2016-09-29
1925,10.0,2016-09-28
1926,10.0,2016-09-27
1927,10.0,2016-09-26
1928,10.0,2016-09-23
1929,10.0,2016-09-22
1930,10.0,2016-09-21
1931,10.0,2016-09-20
1932,10.0,2016-09-19
1933,10.5,2016-09-16
1934,10.5,2016-09-15
1935,10.5,2016-09-14
1936,10.5,2016-09-13
1937,10.5,2016-12-09
1938,10.5,2016-09-09
1939,10.5,2016-08-09
1940,10.5,2016-07-09
1941,10.5,2016-06-09
1942,10.5,2016-05-09
1943,10.5,2016-02-09
1944,10.5,2016-01-09
1945,10.5,2016-08-31
1946,10.5,2016-08-30
1947,10.5,2016-08-29
1948,10.5,2016-08-26
1949,10.5,2016-08-25
1950,10.5,2016-08-24
1951,10.5,2016-08-23
1952,10.5,2016-08-22
1953,10.5,2016-08-19
1954,10.5,2016-08-18
1955,10.5,2016-08-17
1956,10.5,2016-08-16
1957,10.5,2016-08-15
1958,10.5,2016-12-08
1959,10.5,2016-11-08
1960,10.5,2016-10-08
1961,10.5,2016-09-08
1962,10.5,2016-08-08
1963,10.5,2016-05-08
1964,10.5,2016-04-08
1965,10.5,2016-03-08
1966,10.5,2016-02-08
1967,10.5,2016-01-08
1968,10.5,2016-07-29
1969,10.5,2016-07-28
1970,10.5,2016-07-27
1971,10.5,2016-07-26
1972,10.5,2016-07-25
1973,10.5,2016-07-22
1974,10.5,2016-07-21
1975,10.5,2016-07-20
1976,10.5,2016-07-19
1977,10.5,2016-07-18
1978,10.5,2016-07-15
1979,10.5,2016-07-14
1980,10.5,2016-07-13
1981,10.5,2016-12-07
1982,10.5,2016-11-07
1983,10.5,2016-08-07
1984,10.5,2016-07-07
1985,10.5,2016-06-07
1986,10.5,2016-05-07
1987,10.5,2016-04-07
1988,10.5,2016-01-07
1989,10.5,2016-06-30
1990,10.5,2016-06-29
1991,10.5,2016-06-28
1992,10.5,2016-06-27
1993,10.5,2016-06-24
1994,10.5,2016-06-23
1995,10.5,2016-06-22
1996,10.5,2016-06-21
1997,10.5,2016-06-20
1998,10.5,2016-06-17
1999,10.5,2016-06-16
2000,10.5,2016-06-15
2001,10.5,2016-06-14
2002,11.0,2016-10-06
2003,11.0,2016-09-06
2004,11.0,2016-08-06
2005,11.0,2016-07-06
2006,11.0,2016-06-06
2007,11.0,2016-03-06
2008,11.0,2016-02-06
2009,11.0,2016-01-06
2010,11.0,2016-05-31
2011,11.0,2016-05-30
2012,11.0,2016-05-27
2013,11.0,2016-05-26
2014,11.0,2016-05-25
2015,11.0,2016-05-24
2016,11.0,2016-05-23
2017,11.0,2016-05-20
2018,11.0,2016-05-19
2019,11.0,2016-05-18
2020,11.0,2016-05-17
2021,11.0,2016-05-16
2022,11.0,2016-05-13
2023,11.0,2016-12-05
2024,11.0,2016-11-05
2025,11.0,2016-10-05
2026,11.0,2016-06-05
2027,11.0,2016-05-05
2028,11.0,2016-04-05
2029,11.0,2016-04-29
2030,11.0,2016-04-28
2031,11.0,2016-04-27
2032,11.0,2016-04-26
2033,11.0,2016-04-25
2034,11.0,2016-04-22
2035,11.0,2016-04-21
2036,11.0,2016-04-20
2037,11.0,2016-04-19
2038,11.0,2016-04-18
2039,11.0,2016-04-15
2040,11.0,2016-04-14
2041,11.0,2016-04-13
2042,11.0,2016-12-04
2043,11.0,2016-11-04
2044,11.0,2016-08-04
2045,11.0,2016-07-04
2046,11.0,2016-06-04
2047,11.0,2016-05-04
2048,11.0,2016-04-04
2049,11.0,2016-01-04
2050,11.0,2016-03-31
2051,11.0,2016-03-30
2052,11.0,2016-03-29
2053,11.0,2016-03-28
2054,11.0,2016-03-25
2055,11.0,2016-03-24
2056,11.0,2016-03-23
2057,11.0,2016-03-22
2058,11.0,2016-03-21
2059,11.0,2016-03-18
2060,11.0,2016-03-17
2061,11.0,2016-03-16
2062,11.0,2016-03-15
2063,11.0,2016-03-14
2064,11.0,2016-11-03
2065,11.0,2016-10-03
2066,11.0,2016-09-03
2067,11.0,2016-04-03
2068,11.0,2016-03-03
2069,11.0,2016-02-03
2070,11.0,2016-01-03
2071,11.0,2016-02-29
2072,11.0,2016-02-26
2073,11.0,2016-02-25
2074,11.0,2016-02-24
2075,11.0,2016-02-20
2076,11.0,2016-02-19
2077,11.0,2016-02-18
2078,11.0,2016-02-17
2079,11.0,2016-02-16
2080,11.0,2016-02-15
2081,11.0,2016-12-02
2082,11.0,2016-11-02
2083,11.0,2016-10-02
2084,11.0,2016-09-02
2085,11.0,2016-08-02
2086,11.0,2016-05-02
2087,11.0,2016-04-02
2088,11.0,2016-03-02
2089,11.0,2016-02-02
2090,11.0,2016-01-02
2091,11.0,2016-01-29
2092,11.0,2016-01-28
2093,11.0,2016-01-27
2094,11.0,2016-01-26
2095,11.0,2016-01-25
2096,11.0,2016-01-22
2097,11.0,2016-01-21
2098,11.0,2016-01-20
2099,11.0,2016-01-19
2100,11.0,2016-01-18
2101,11.0,2016-01-15
2102,11.0,2016-01-14
2103,11.0,2016-01-13
2104,11.0,2016-12-01
2105,11.0,2016-11-01
2106,11.0,2016-01-01
2107,11.0,2015-12-31
2108,11.0,2015-12-30
2109,11.0,2015-12-29
2110,11.0,2015-12-28
2111,11.0,2015-12-25
2112,11.0,2015-12-24
2113,11.0,2015-12-23
2114,11.0,2015-12-22
2115,11.0,2015-12-21
2116,11.0,2015-12-18
2117,11.0,2015-12-17
2118,11.0,2015-12-16
2119,11.0,2015-12-15
2120,11.0,2015-12-14
2121,11.0,2015-11-12
2122,11.0,2015-10-12
2123,11.0,2015-09-12
2124,11.0,2015-08-12
2125,11.0,2015-07-12
2126,11.0,2015-04-12
2127,11.0,2015-03-12
2128,11.0,2015-02-12
2129,11.0,2015-01-12
2130,11.0,2015-11-30
2131,11.0,2015-11-27
2132,11.0,2015-11-26
2133,11.0,2015-11-25
2134,11.0,2015-11-24
2135,11.0,2015-11-23
2136,11.0,2015-11-20
2137,11.0,2015-11-19
2138,11.0,2015-11-18
2139,11.0,2015-11-17
2140,11.0,2015-11-16
2141,11.0,2015-11-13
2142,11.0,2015-12-11
2143,11.0,2015-11-11
2144,11.0,2015-10-11
2145,11.0,2015-09-11
2146,11.0,2015-06-11
2147,11.0,2015-05-11
2148,11.0,2015-03-11
2149,11.0,2015-02-11
2150,11.0,2015-10-30
2151,11.0,2015-10-29
2152,11.0,2015-10-28
2153,11.0,2015-10-27
2154,11.0,2015-10-26
2155,11.0,2015-10-23
2156,11.0,2015-10-22
2157,11.0,2015-10-21
2158,11.0,2015-10-20
2159,11.0,2015-10-19
2160,11.0,2015-10-16
2161,11.0,2015-10-15
2162,11.0,2015-10-14
2163,11.0,2015-10-13
2164,11.0,2015-12-10
2165,11.0,2015-09-10
2166,11.0,2015-08-10
2167,11.0,2015-07-10
2168,11.0,2015-06-10
2169,11.0,2015-05-10
2170,11.0,2015-02-10
2171,11.0,2015-01-10
2172,11.0,2015-09-30
2173,11.0,2015-09-29
2174,11.0,2015-09-28
2175,11.0,2015-09-25
2176,11.0,2015-09-24
2177,11.0,2015-09-23
2178,11.0,2015-09-22
2179,11.0,2015-09-21
2180,11.0,2015-09-18
2181,11.0,2015-09-17
2182,11.0,2015-09-16
2183,11.0,2015-09-15
2184,11.0,2015-09-14
2185,11.0,2015-11-09
2186,11.0,2015-10-09
2187,11.0,2015-09-09
2188,11.0,2015-08-09
2189,11.0,2015-07-09
2190,11.0,2015-04-09
2191,11.0,2015-03-09
2192,11.0,2015-02-09
2193,11.0,2015-01-09
2194,11.0,2015-08-31
2195,11.0,2015-08-28
2196,11.0,2015-08-27
2197,11.0,2015-08-26
2198,11.0,2015-08-25
2199,11.0,2015-08-24
2200,11.0,2015-08-21
2201,11.0,2015-08-20
2202,11.0,2015-08-19
2203,11.0,2015-08-18
2204,11.0,2015-08-17
2205,11.0,2015-08-14
2206,11.0,2015-08-13
2207,11.0,2015-12-08
2208,11.0,2015-11-08
2209,11.0,2015-10-08
2210,11.0,2015-07-08
2211,11.0,2015-06-08
2212,11.0,2015-05-08
2213,11.0,2015-04-08
2214,11.0,2015-03-08
2215,11.5,2015-07-31
2216,11.5,2015-07-30
2217,11.5,2015-07-29
2218,11.5,2015-07-28
2219,11.5,2015-07-27
2220,11.5,2015-07-24
2221,11.5,2015-07-23
2222,11.5,2015-07-22
2223,11.5,2015-07-21
2224,11.5,2015-07-20
2225,11.5,2015-07-17
2226,11.5,2015-07-16
2227,11.5,2015-07-15
2228,11.5,2015-07-14
2229,11.5,2015-07-13
2230,11.5,2015-10-07
2231,11.5,2015-09-07
2232,11.5,2015-08-07
2233,11.5,2015-07-07
2234,11.5,2015-06-07
2235,11.5,2015-03-07
2236,11.5,2015-02-07
2237,11.5,2015-01-07
2238,11.5,2015-06-30
2239,11.5,2015-06-29
2240,11.5,2015-06-26
2241,11.5,2015-06-25
2242,11.5,2015-06-24
2243,11.5,2015-06-23
2244,11.5,2015-06-22
2245,11.5,2015-06-19
2246,11.5,2015-06-18
2247,11.5,2015-06-17
2248,11.5,2015-06-16
2249,12.5,2015-06-15
2250,12.5,2015-11-06
2251,12.5,2015-10-06
2252,12.5,2015-09-06
2253,12.5,2015-08-06
2254,12.5,2015-05-06
2255,12.5,2015-04-06
2256,12.5,2015-03-06
2257,12.5,2015-02-06
2258,12.5,2015-01-06
2259,12.5,2015-05-29
2260,12.5,2015-05-28
2261,12.5,2015-05-27
2262,12.5,2015-05-26
2263,12.5,2015-05-25
2264,12.5,2015-05-22
2265,12.5,2015-05-21
2266,12.5,2015-05-20
2267,12.5,2015-05-19
2268,12.5,2015-05-18
2269,12.5,2015-05-15
2270,12.5,2015-05-14
2271,12.5,2015-05-13
2272,12.5,2015-12-05
2273,12.5,2015-08-05
2274,12.5,2015-07-05
2275,12.5,2015-06-05
2276,12.5,2015-05-05
2277,14.0,2015-01-05
2278,14.0,2015-04-30
2279,14.0,2015-04-29
2280,14.0,2015-04-28
2281,14.0,2015-04-27
2282,14.0,2015-04-24
2283,14.0,2015-04-23
2284,14.0,2015-04-22
2285,14.0,2015-04-21
2286,14.0,2015-04-20
2287,14.0,2015-04-17
2288,14.0,2015-04-16
2289,14.0,2015-04-15
2290,14.0,2015-04-14
2291,14.0,2015-04-13
2292,14.0,2015-10-04
2293,14.0,2015-09-04
2294,14.0,2015-08-04
2295,14.0,2015-07-04
2296,14.0,2015-06-04
2297,14.0,2015-03-04
2298,14.0,2015-02-04
2299,14.0,2015-01-04
2300,14.0,2015-03-31
2301,14.0,2015-03-30
2302,14.0,2015-03-27
2303,14.0,2015-03-26
2304,14.0,2015-03-25
2305,14.0,2015-03-24
2306,14.0,2015-03-23
2307,14.0,2015-03-20
2308,14.0,2015-03-19
2309,14.0,2015-03-18
2310,14.0,2015-03-17
2311,14.0,2015-03-16
2312,15.0,2015-03-13
2313,15.0,2015-12-03
2314,15.0,2015-11-03
2315,15.0,2015-10-03
2316,15.0,2015-06-03
2317,15.0,2015-05-03
2318,15.0,2015-04-03
2319,15.0,2015-03-03
2320,15.0,2015-02-03
2321,15.0,2015-02-27
2322,15.0,2015-02-26
2323,15.0,2015-02-25
2324,15.0,2015-02-24
2325,15.0,2015-02-20
2326,15.0,2015-02-19
2327,15.0,2015-02-18
2328,15.0,2015-02-17
2329,15.0,2015-02-16
2330,15.0,2015-02-13
2331,15.0,2015-12-02
2332,15.0,2015-11-02
2333,15.0,2015-10-02
2334,15.0,2015-09-02
2335,15.0,2015-06-02
2336,15.0,2015-05-02
2337,15.0,2015-04-02
2338,15.0,2015-03-02
2339,15.0,2015-02-02
2340,17.0,2015-01-30
2341,17.0,2015-01-29
2342,17.0,2015-01-28
2343,17.0,2015-01-27
2344,17.0,2015-01-26
2345,17.0,2015-01-23
2346,17.0,2015-01-22
2347,17.0,2015-01-21
2348,17.0,2015-01-20
2349,17.0,2015-01-19
2350,17.0,2015-01-16
2351,17.0,2015-01-15
2352,17.0,2015-01-14
2353,17.0,2015-01-13
2354,17.0,2015-12-01
2355,17.0,2014-12-31
2356,17.0,2014-12-30
2357,17.0,2014-12-29
2358,17.0,2014-12-26
2359,17.0,2014-12-25
2360,17.0,2014-12-24
2361,17.0,2014-12-23
2362,17.0,2014-12-22
2363,17.0,2014-12-19
2364,17.0,2014-12-18
2365,17.0,2014-12-17
2366,17.0,2014-12-16
2367,10.5,2014-12-15
2368,10.5,2014-12-12
2369,9.5,2014-11-12
2370,9.5,2014-10-12
2371,9.5,2014-09-12
2372,9.5,2014-08-12
2373,9.5,2014-05-12
2374,9.5,2014-04-12
2375,9.5,2014-03-12
2376,9.5,2014-02-12
2377,9.5,2014-01-12
2378,9.5,2014-11-28
2379,9.5,2014-11-27
2380,9.5,2014-11-26
2381,9.5,2014-11-25
2382,9.5,2014-11-24
2383,9.5,2014-11-21
2384,9.5,2014-11-20
2385,9.5,2014-11-19
2386,9.5,2014-11-18
2387,9.5,2014-11-17
2388,9.5,2014-11-14
2389,9.5,2014-11-13
2390,9.5,2014-12-11
2391,9.5,2014-11-11
2392,9.5,2014-10-11
2393,9.5,2014-07-11
2394,9.5,2014-06-11
2395,9.5,2014-05-11
2396,8.0,2014-10-31
2397,8.0,2014-10-30
2398,8.0,2014-10-29
2399,8.0,2014-10-28
2400,8.0,2014-10-27
2401,8.0,2014-10-24
2402,8.0,2014-10-23
2403,8.0,2014-10-22
2404,8.0,2014-10-21
2405,8.0,2014-10-20
2406,8.0,2014-10-17
2407,8.0,2014-10-16
2408,8.0,2014-10-15
2409,8.0,2014-10-14
2410,8.0,2014-10-13
2411,8.0,2014-10-10
2412,8.0,2014-09-10
2413,8.0,2014-08-10
2414,8.0,2014-07-10
2415,8.0,2014-06-10
2416,8.0,2014-03-10
2417,8.0,2014-02-10
2418,8.0,2014-01-10
2419,8.0,2014-09-30
2420,8.0,2014-09-29
2421,8.0,2014-09-26
2422,8.0,2014-09-25
2423,8.0,2014-09-24
2424,8.0,2014-09-23
2425,8.0,2014-09-22
2426,8.0,2014-09-19
2427,8.0,2014-09-18
2428,8.0,2014-09-17
2429,8.0,2014-09-16
2430,8.0,2014-09-15
2431,8.0,2014-12-09
2432,8.0,2014-11-09
2433,8.0,2014-10-09
2434,8.0,2014-09-09
2435,8.0,2014-08-09
2436,8.0,2014-05-09
2437,8.0,2014-04-09
2438,8.0,2014-03-09
2439,8.0,2014-02-09
2440,8.0,2014-01-09
2441,8.0,2014-08-29
2442,8.0,2014-08-28
2443,8.0,2014-08-27
2444,8.0,2014-08-26
2445,8.0,2014-08-25
2446,8.0,2014-08-22
2447,8.0,2014-08-21
2448,8.0,2014-08-20
2449,8.0,2014-08-19
2450,8.0,2014-08-18
2451,8.0,2014-08-15
2452,8.0,2014-08-14
2453,8.0,2014-08-13
2454,8.0,2014-12-08
2455,8.0,2014-11-08
2456,8.0,2014-08-08
2457,8.0,2014-07-08
2458,8.0,2014-06-08
2459,8.0,2014-05-08
2460,8.0,2014-04-08
2461,8.0,2014-01-08
2462,8.0,2014-07-31
2463,8.0,2014-07-30
2464,8.0,2014-07-29
2465,8.0,2014-07-28
2466,7.5,2014-07-25
2467,7.5,2014-07-24
2468,7.5,2014-07-23
2469,7.5,2014-07-22
2470,7.5,2014-07-21
2471,7.5,2014-07-18
2472,7.5,2014-07-17
2473,7.5,2014-07-16
2474,7.5,2014-07-15
2475,7.5,2014-07-14
2476,7.5,2014-11-07
2477,7.5,2014-10-07
2478,7.5,2014-09-07
2479,7.5,2014-08-07
2480,7.5,2014-07-07
2481,7.5,2014-04-07
2482,7.5,2014-03-07
2483,7.5,2014-02-07
2484,7.5,2014-01-07
2485,7.5,2014-06-30
2486,7.5,2014-06-27
2487,7.5,2014-06-26
2488,7.5,2014-06-25
2489,7.5,2014-06-24
2490,7.5,2014-06-23
2491,7.5,2014-06-20
2492,7.5,2014-06-19
2493,7.5,2014-06-18
2494,7.5,2014-06-17
2495,7.5,2014-06-16
2496,7.5,2014-11-06
2497,7.5,2014-10-06
2498,7.5,2014-09-06
2499,7.5,2014-06-06
2500,7.5,2014-05-06
2501,7.5,2014-04-06
2502,7.5,2014-03-06
2503,7.5,2014-02-06
2504,7.5,2014-05-30
2505,7.5,2014-05-29
2506,7.5,2014-05-28
2507,7.5,2014-05-27
2508,7.5,2014-05-26
2509,7.5,2014-05-23
2510,7.5,2014-05-22
2511,7.5,2014-05-21
2512,7.5,2014-05-20
2513,7.5,2014-05-19
2514,7.5,2014-05-16
2515,7.5,2014-05-15
2516,7.5,2014-05-14
2517,7.5,2014-05-13
2518,7.5,2014-12-05
2519,7.5,2014-08-05
2520,7.5,2014-07-05
2521,7.5,2014-06-05
2522,7.5,2014-05-05
2523,7.5,2014-04-30
2524,7.5,2014-04-29
2525,7.5,2014-04-28
2526,7.0,2014-04-25
2527,7.0,2014-04-24
2528,7.0,2014-04-23
2529,7.0,2014-04-22
2530,7.0,2014-04-21
2531,7.0,2014-04-18
2532,7.0,2014-04-17
2533,7.0,2014-04-16
2534,7.0,2014-04-15
2535,7.0,2014-04-14
2536,7.0,2014-11-04
2537,7.0,2014-10-04
2538,7.0,2014-09-04
2539,7.0,2014-08-04
2540,7.0,2014-07-04
2541,7.0,2014-04-04
2542,7.0,2014-03-04
2543,7.0,2014-02-04
2544,7.0,2014-01-04
2545,7.0,2014-03-31
2546,7.0,2014-03-28
2547,7.0,2014-03-27
2548,7.0,2014-03-26
2549,7.0,2014-03-25
2550,7.0,2014-03-24
2551,7.0,2014-03-21
2552,7.0,2014-03-20
2553,7.0,2014-03-19
2554,7.0,2014-03-18
2555,7.0,2014-03-17
2556,7.0,2014-03-14
2557,7.0,2014-03-13
2558,7.0,2014-12-03
2559,7.0,2014-11-03
2560,7.0,2014-07-03
2561,7.0,2014-06-03
2562,7.0,2014-05-03
2563,7.0,2014-04-03
2564,7.0,2014-03-03
2565,5.5,2014-02-28
2566,5.5,2014-02-27
2567,5.5,2014-02-26
2568,5.5,2014-02-25
2569,5.5,2014-02-24
2570,5.5,2014-02-21
2571,5.5,2014-02-20
2572,5.5,2014-02-19
2573,5.5,2014-02-18
2574,5.5,2014-02-17
2575,5.5,2014-02-14
2576,5.5,2014-02-13
2577,5.5,2014-12-02
2578,5.5,2014-11-02
2579,5.5,2014-10-02
2580,5.5,2014-07-02
2581,5.5,2014-06-02
2582,5.5,2014-05-02
2583,5.5,2014-04-02
2584,5.5,2014-03-02
2585,5.5,2014-01-31
2586,5.5,2014-01-30
2587,5.5,2014-01-29
2588,5.5,2014-01-28
2589,5.5,2014-01-27
2590,5.5,2014-01-24
2591,5.5,2014-01-23
2592,5.5,2014-01-22
2593,5.5,2014-01-21
2594,5.5,2014-01-20
2595,5.5,2014-01-17
2596,5.5,2014-01-16
2597,5.5,2014-01-15
2598,5.5,2014-01-14
2599,5.5,2014-01-13
2600,5.5,2014-10-01
2601,5.5,2014-09-01
2602,5.5,2013-12-31
2603,5.5,2013-12-30
2604,5.5,2013-12-27
2605,5.5,2013-12-26
2606,5.5,2013-12-25
2607,5.5,2013-12-24
2608,5.5,2013-12-23
2609,5.5,2013-12-20
2610,5.5,2013-12-19
2611,5.5,2013-12-18
2612,5.5,2013-12-17
2613,5.5,2013-12-16
2614,5.5,2013-12-13
2615,5.5,2013-12-12
2616,5.5,2013-11-12
2617,5.5,2013-10-12
2618,5.5,2013-09-12
2619,5.5,2013-06-12
2620,5.5,2013-05-12
2621,5.5,2013-04-12
2622,5.5,2013-03-12
2623,5.5,2013-02-12
2624,5.5,2013-11-29
2625,5.5,2013-11-28
2626,5.5,2013-11-27
2627,5.5,2013-11-26
2628,5.5,2013-11-25
2629,5.5,2013-11-22
2630,5.5,2013-11-21
2631,5.5,2013-11-20
2632,5.5,2013-11-19
2633,5.5,2013-11-18
2634,5.5,2013-11-15
2635,5.5,2013-11-14
2636,5.5,2013-11-13
2637,5.5,2013-12-11
2638,5.5,2013-11-11
2639,5.5,2013-08-11
2640,5.5,2013-07-11
2641,5.5,2013-06-11
2642,5.5,2013-05-11
2643,5.5,2013-01-11
2644,5.5,2013-10-31
2645,5.5,2013-10-30
2646,5.5,2013-10-29
2647,5.5,2013-10-28
2648,5.5,2013-10-25
2649,5.5,2013-10-24
2650,5.5,2013-10-23
2651,5.5,2013-10-22
2652,5.5,2013-10-21
2653,5.5,2013-10-18
2654,5.5,2013-10-17
2655,5.5,2013-10-16
2656,5.5,2013-10-15
2657,5.5,2013-10-14
2658,5.5,2013-11-10
2659,5.5,2013-10-10
2660,5.5,2013-09-10
2661,5.5,2013-08-10
2662,5.5,2013-07-10
2663,5.5,2013-04-10
2664,5.5,2013-03-10
2665,5.5,2013-02-10
2666,5.5,2013-01-10
2667,5.5,2013-09-30
2668,5.5,2013-09-27
2669,5.5,2013-09-26
2670,5.5,2013-09-25
2671,5.5,2013-09-24
2672,5.5,2013-09-23
2673,5.5,2013-09-20
2674,5.5,2013-09-19
2675,5.5,2013-09-18
2676,5.5,2013-09-17
